Id|Fk_Geography|24h Initial Production per well|Approval Year|Asset Type|Asset|Basin|Capex Per Well|Climate Category|Climate Detail|Climate Group|Discovery Decade|Discovery Five Year|Discovery Year|EUR per well|Facility Category|Facility Group|Field Size Category|Field Size Group|Field Type Category|Field Type Detail|Gas Market|Hyperbolic factor b per well|Initial decline Di per well|Main Original Contract|On-Offshore|Operator Segment|Operator|Shale Plays|Start Up Five Year|Start-up Decade|Start-up Year|Sub Basin|Supply Segment Group|Water Depth Category ft|Water Depth Category|Water Depth Group ft|Water Depth Group|Fiscal Regime Group|Production Last Year|Project|Unconventional Category|Unconventional Detail|Unconventional Group
32555|27337|\\N|1989|Field|Kraka, DK|Central Graben|\\N|Benign|Full year humid, warm summer|Benign|1960|1965|1966|\\N|Steel platform|Fixed|Resources 30-100 MMboe|Resources 30-300 MMboe|Oil field|Oil field (Gas-Oil-Ratio 20-40%)|Europe continental|\\N|\\N|Sole Concession of 1962, DK|Offshore|Major|TotalEnergies|Not shale play|1990|1990|1991|Central Graben|Offshore shelf|100-200 ft depth|25-50 meter depth|Shelf (to 400 ft)|Shelf (to 125 meter)|Royalty/Tax|2032|Dan, DK|Conventional|Conventional|Conventional
32561|27337|\\N|1978|Field|Gorm, DK|Central Graben|\\N|Benign|Full year humid, warm summer|Benign|1970|1970|1971|\\N|Steel platform|Fixed|Resources 300-1000 MMboe|Resources 300-1000 MMboe|Oil field|Oil field (Gas-Oil-Ratio 05-10%)|Europe continental|\\N|\\N|Sole Concession of 1962, DK|Offshore|Major|TotalEnergies|Not shale play|1980|1980|1981|Central Graben|Offshore shelf|100-200 ft depth|25-50 meter depth|Shelf (to 400 ft)|Shelf (to 125 meter)|Royalty/Tax|2031|Gorm, DK|Conventional|Conventional|Conventional
32563|27314|\\N|1994|Field|Svend, DK|Central Graben|\\N|Benign|Full year humid, warm summer|Benign|1970|1975|1975|\\N|Steel platform|Fixed|Resources 30-100 MMboe|Resources 30-300 MMboe|Oil field|Oil field (Gas-Oil-Ratio 10-20%)|Europe continental|\\N|\\N|Sole Concession of 1962, DK|Offshore|Major|TotalEnergies|Not shale play|1995|1990|1996|Central Graben|Offshore shelf|200-300 ft depth|50-75 meter depth|Shelf (to 400 ft)|Shelf (to 125 meter)|Royalty/Tax|2018|Tyra, DK|Conventional|Conventional|Conventional
32584|27329|\\N|1997|Field|Lulita, DK|Central Graben|\\N|Benign|Full year humid, warm summer|Benign|1990|1990|1992|\\N|Extended reach|Fixed|Resources 10-30 MMboe|Resources below 30 MMboe|Oil field|Oil field (Gas-Oil-Ratio 40-80%)|Europe continental|\\N|\\N|Sole Concession of 1962, DK|Offshore|Major|TotalEnergies|Not shale play|1995|1990|1998|Sogne|Offshore shelf|100-200 ft depth|50-75 meter depth|Shelf (to 400 ft)|Shelf (to 125 meter)|Royalty/Tax|2019|Tyra, DK|Conventional|Conventional|Conventional
32585|27327|\\N|2031|Field|Rita (Rita-1X:5603/27-05), DK|Central Graben|\\N|Benign|Full year humid, warm summer|Benign|1990|1990|1993|\\N|Steel platform|Fixed|Resources 0-1 MMboe|Resources below 30 MMboe|Oil field|Oil field (Sour)|Europe continental|\\N|\\N|Rita, DK|Offshore|Unspecific (Other/Open/Relinquished)|Relinquished|Not shale play|2030|2030|2033|Lindesnes Ridge|Offshore shelf|200-300 ft depth|50-75 meter depth|Shelf (to 400 ft)|Shelf (to 125 meter)|Royalty/Tax|2039|5603/27-05 (Rita-1), DK|Conventional|Conventional|Conventional
32606|27340|\\N|2100|License relinquished|10/06, DK|Central Graben|\\N|Benign|Full year humid, warm summer|Benign|2100|2100|2100|\\N|Steel platform|Fixed|Resources 0-1 MMboe|Resources below 30 MMboe|Other|Other|Europe continental|\\N|\\N|10/06, DK|Offshore|Unspecific (Other/Open/Relinquished)|Relinquished|Not shale play|2100|2100|2100|Central Graben|Offshore shelf|100-200 ft depth|25-50 meter depth|Shelf (to 400 ft)|Shelf (to 125 meter)|Royalty/Tax|\\N|10/06, DK|Unknown|Unknown|Unknown
32607|27314|\\N|2030|License|SouthWest Area (Harald), DK|Central Graben|\\N|Benign|Full year humid, warm summer|Benign|2020|2025|2025|\\N|Steel platform|Fixed|Resources 3-10 MMboe|Resources below 30 MMboe|Oil field|Oil field (Sour)|Europe continental|\\N|\\N|Sole Concession of 1962, DK|Offshore|Major|TotalEnergies|Not shale play|2045|2040|2045|Sogne|Offshore shelf|100-200 ft depth|25-50 meter depth|Shelf (to 400 ft)|Shelf (to 125 meter)|Royalty/Tax|2059|Tyra, DK|Conventional|Conventional|Conventional
32633|27330|\\N|2040|License|5/98 (Hejre), DK|Central Graben|\\N|Benign|Full year humid, warm summer|Benign|2020|2020|2023|\\N|Steel platform|Fixed|Resources 3-10 MMboe|Resources below 30 MMboe|Oil field|Oil field (Sour)|Europe continental|\\N|\\N|05/98 (Hejre), DK|Offshore|Industrial|Ineos Group|Not shale play|2040|2040|2043|Central Graben|Offshore shelf|200-300 ft depth|50-75 meter depth|Shelf (to 400 ft)|Shelf (to 125 meter)|Royalty/Tax|2057|05/98 (Hejre), DK|Conventional|Conventional|Conventional
32637|27357|\\N|2100|License relinquished|02/98, DK|Danish Norwegian|\\N|Benign|Full year humid, warm summer|Benign|2100|2100|2100|\\N|Steel platform|Fixed|Resources 0-1 MMboe|Resources below 30 MMboe|Other|Other|Europe continental|\\N|\\N|02/98, DK|Offshore|Unspecific (Other/Open/Relinquished)|Relinquished|Not shale play|2100|2100|2100|Danish Norwegian|Offshore shelf|100-200 ft depth|50-75 meter depth|Shelf (to 400 ft)|Shelf (to 125 meter)|Royalty/Tax|\\N|02/98, DK|Unknown|Unknown|Unknown
32573|27337|\\N|2031|Field|Boje (Boje-1:5504/07-04), DK|Central Graben|\\N|Benign|Full year humid, warm summer|Benign|1980|1980|1982|\\N|Extended reach|Fixed|Resources 10-30 MMboe|Resources below 30 MMboe|Oil field|Oil field (Sour)|Europe continental|\\N|\\N|Sole Concession of 1962, DK|Offshore|Major|TotalEnergies|Not shale play|2030|2030|2033|Central Graben|Offshore shelf|100-200 ft depth|25-50 meter depth|Shelf (to 400 ft)|Shelf (to 125 meter)|Royalty/Tax|2049|Boje, DK|Conventional|Conventional|Conventional
32611|27363|\\N|2100|License relinquished|01/98, DK|Central Graben|\\N|Benign|Full year humid, warm summer|Benign|2100|2100|2100|\\N|Steel platform|Fixed|Resources 0-1 MMboe|Resources below 30 MMboe|Other|Other|Europe continental|\\N|\\N|01/98, DK|Offshore|Unspecific (Other/Open/Relinquished)|Relinquished|Not shale play|2100|2100|2100|Central Graben|Offshore shelf|100-200 ft depth|50-75 meter depth|Shelf (to 400 ft)|Shelf (to 125 meter)|Royalty/Tax|\\N|01/98, DK|Unknown|Unknown|Unknown
122542|27328|\\N|2025|Field|Solsort (Solsort-1:5604/26-05), DK|Central Graben|\\N|Benign|Full year humid, warm summer|Benign|2010|2010|2010|\\N|Steel platform|Fixed|Resources 10-30 MMboe|Resources below 30 MMboe|Oil field|Oil field (Gas-Oil-Ratio 20-40%)|Europe continental|\\N|\\N|04/98 (Svane 1A), DK|Offshore|Industrial|Ineos Group|Not shale play|2025|2020|2027|Central Graben|Offshore shelf|200-300 ft depth|50-75 meter depth|Shelf (to 400 ft)|Shelf (to 125 meter)|Royalty/Tax|2042|Solsort, DK|Conventional|Conventional|Conventional
204434|55142|\\N|2100|License Relinquished|15/84, DK|Danish Norwegian|\\N|Benign|Full year humid, warm summer|Benign|2100|2100|2100|\\N|Onshore|Onshore|Resources 0-1 MMboe|Resources below 30 MMboe|Other|Other|Local market|\\N|\\N|15/84, DK|Onshore|Unspecific (Other/Open/Relinquished)|Relinquished|Not shale play|2100|2100|2100|Danish Norwegian|Other Onshore|Land|Land|Land|Land|Royalty/Tax|\\N|15/84, DK|Unknown|Unknown|Unknown
204446|55154|\\N|2100|License Relinquished|09/89, DK|Norwegian - Danish|\\N|Benign|Full year humid, warm summer|Benign|2100|2100|2100|\\N|Onshore|Onshore|Resources 0-1 MMboe|Resources below 30 MMboe|Other|Other|Local market|\\N|\\N|09/89, DK|Onshore|Unspecific (Other/Open/Relinquished)|Relinquished|Not shale play|2100|2100|2100|Norwegian - Danish|Other Onshore|Land|Land|Land|Land|Royalty/Tax|\\N|09/89, DK|Unknown|Unknown|Unknown
204454|55162|\\N|2100|License Relinquished|11/98, DK|Central Graben|\\N|Benign|Full year humid, warm summer|Benign|2100|2100|2100|\\N|Steel platform|Fixed|Resources 0-1 MMboe|Resources below 30 MMboe|Other|Other|Local market|\\N|\\N|11/98, DK|Offshore|Unspecific (Other/Open/Relinquished)|Relinquished|Not shale play|2100|2100|2100|Central Graben|Offshore shelf|100-200 ft depth|25-50 meter depth|Shelf (to 400 ft)|Shelf (to 125 meter)|Royalty/Tax|\\N|11/98, DK|Unknown|Unknown|Unknown
10000103|34624|\\N|\\N|Cost|Other Partners_Denmark_(50-75 meter depth), DK|Unknown|\\N|Unknown|Unknown|Unknown|\\N|\\N|\\N|\\N|N/A|N/A|Unknown|Unknown|Other|Other|Local market|\\N|\\N|Other Partners_Denmark_(50-75 meter depth), DK|Offshore|Unspecific (Other/Open/Relinquished)|Other partner(s)|Not shale play|\\N|\\N|\\N|Unknown|Offshore shelf|Unknown|50-75 meter depth|Unknown|Shelf (to 125 meter)|Unknown|\\N|Unknown|\\N|\\N|\\N
32576|27314|\\N|2028|Field|Elly (Elly-1:5504/06-01), DK|Central Graben|\\N|Benign|Full year humid, warm summer|Benign|1980|1980|1984|\\N|Steel platform|Fixed|Resources 10-30 MMboe|Resources below 30 MMboe|Gas-Condensate field|Gas-Condensate field (CGR 20+ bbl/MMcf)|Europe continental|\\N|\\N|Sole Concession of 1962, DK|Offshore|Unspecific (Other/Open/Relinquished)|Relinquished|Not shale play|2030|2030|2033|Central Graben|Offshore shelf|100-200 ft depth|25-50 meter depth|Shelf (to 400 ft)|Shelf (to 125 meter)|Royalty/Tax|2055|Elly, DK|Conventional|Conventional|Conventional
32615|27324|\\N|2100|License relinquished|14/06, DK|Central Graben|\\N|Benign|Full year humid, warm summer|Benign|2100|2100|2100|\\N|Steel platform|Fixed|Resources 0-1 MMboe|Resources below 30 MMboe|Other|Other|Europe continental|\\N|\\N|14/06, DK|Offshore|Unspecific (Other/Open/Relinquished)|Relinquished|Not shale play|2100|2100|2100|Central Graben|Offshore shelf|100-200 ft depth|50-75 meter depth|Shelf (to 400 ft)|Shelf (to 125 meter)|Royalty/Tax|\\N|14/06, DK|Unknown|Unknown|Unknown
105466|38394|\\N|2024|License|3/09, DK|Central Graben|\\N|Benign|Full year humid, warm summer|Benign|2020|2020|2023|\\N|Steel platform|Fixed|Resources 30-100 MMboe|Resources 30-300 MMboe|Oil field|Oil field (Sour)|Europe continental|\\N|\\N|3/09, DK|Offshore|Industrial|Ineos Group|Not shale play|2040|2040|2041|Central Graben|Offshore shelf|200-300 ft depth|50-75 meter depth|Shelf (to 400 ft)|Shelf (to 125 meter)|Royalty/Tax|2063|03/09, DK|Conventional|Conventional|Conventional
106062|27336|\\N|2100|License relinquished|04/09, DK|Norwegian - Danish|\\N|Benign|Full year humid, warm summer|Benign|2100|2100|2100|\\N|Onshore|Onshore|Resources 0-1 MMboe|Resources below 30 MMboe|Other|Other|Europe continental|\\N|\\N|Cambrian Alum Shale, DK|Onshore|Unspecific (Other/Open/Relinquished)|Relinquished|Denmark Shale, DK|2100|2100|2100|Norwegian - Danish|Shale/Tight oil|Land|Land|Land|Land|Royalty/Tax|\\N|Denmark Shale, DK|Unconventional gas|Shale gas plays|Unconventional
109270|27336|\\N|2000|Industry|Other liquids, DK|Norwegian - Danish|\\N|Benign|Full year humid, warm summer|Benign|2000|2000|2000|\\N|Onshore|Onshore|Unknown|Unknown|Other|Other|Local market|\\N|\\N|\\N|Onshore|Unspecific (Other/Open/Relinquished)|Other liquids|Not shale play|2000|2000|2001|Norwegian - Danish|Other Onshore|Land|Land|Land|Land|Royalty/Tax|2100|Other liquids, DK|Other Liquids|Other Liquids|Other Liquids
122531|27326|\\N|2014|Field|Ravn, DK|Central Graben|\\N|Benign|Full year humid, warm summer|Benign|1980|1985|1986|\\N|Steel platform|Fixed|Resources 1-3 MMboe|Resources below 30 MMboe|Oil field|Oil field (Gas-Oil-Ratio 0%)|Europe continental|\\N|\\N|05/06, DK|Offshore|Independent|Wintershall Dea|Not shale play|2015|2010|2017|Central Graben|Offshore shelf|100-200 ft depth|25-50 meter depth|Shelf (to 400 ft)|Shelf (to 125 meter)|Royalty/Tax|2020|Ravn, DK|Conventional|Conventional|Conventional
194790|51830|\\N|2100|License relinquished|Elly (5504/5, 6), DK|Central Graben|\\N|Benign|Full year humid, warm summer|Benign|2100|2100|2100|\\N|Subsea tie back|Subsea tie back|Resources 0-1 MMboe|Resources below 30 MMboe|Other|Other|Local market|\\N|\\N|Sole Concession of 1962, DK|Offshore|Unspecific (Other/Open/Relinquished)|Relinquished|Not shale play|2100|2100|2100|Sogne|Offshore shelf|100-200 ft depth|50-75 meter depth|Shelf (to 400 ft)|Shelf (to 125 meter)|Royalty/Tax|\\N|Elly (5504/5, 6), DK|Conventional|Conventional|Conventional
204433|55141|\\N|2100|License Relinquished|13/84, DK|Central Graben|\\N|Benign|Full year humid, warm summer|Benign|2100|2100|2100|\\N|Steel platform|Fixed|Resources 0-1 MMboe|Resources below 30 MMboe|Other|Other|Local market|\\N|\\N|13/84, DK|Offshore|Unspecific (Other/Open/Relinquished)|Relinquished|Not shale play|2100|2100|2100|Central Graben|Offshore shelf|100-200 ft depth|50-75 meter depth|Shelf (to 400 ft)|Shelf (to 125 meter)|Royalty/Tax|\\N|13/84, DK|Unknown|Unknown|Unknown
32570|27314|\\N|1995|Field|Harald, DK|Central Graben|\\N|Benign|Full year humid, warm summer|Benign|1980|1980|1980|\\N|Steel platform|Fixed|Resources 100-300 MMboe|Resources 30-300 MMboe|Gas-Condensate field|Gas-Condensate field (CGR 20+ bbl/MMcf)|Europe continental|\\N|\\N|Sole Concession of 1962, DK|Offshore|Major|TotalEnergies|Not shale play|1995|1990|1997|Sogne|Offshore shelf|100-200 ft depth|25-50 meter depth|Shelf (to 400 ft)|Shelf (to 125 meter)|Royalty/Tax|2032|Tyra, DK|Conventional|Conventional|Conventional
32586|27347|\\N|1997|Field|Siri, DK|Danish Norwegian|\\N|Benign|Full year humid, warm summer|Benign|1990|1995|1995|\\N|Steel platform|Fixed|Resources 30-100 MMboe|Resources 30-300 MMboe|Oil field|Oil field (Gas-Oil-Ratio 0%)|Local market|\\N|\\N|06/95 (Siri), DK|Offshore|Industrial|Ineos Group|Not shale play|1995|1990|1999|Aasta Graben|Offshore shelf|200-300 ft depth|50-75 meter depth|Shelf (to 400 ft)|Shelf (to 125 meter)|Royalty/Tax|2023|Siri, DK|Conventional|Conventional|Conventional
32632|27343|\\N|2100|License relinquished|02/05, DK|Ringkobing-Fyn High|\\N|Benign|Full year humid, warm summer|Benign|2100|2100|2100|\\N|Steel platform|Fixed|Resources 0-1 MMboe|Resources below 30 MMboe|Other|Other|Europe continental|\\N|\\N|02/05, DK|Offshore|Unspecific (Other/Open/Relinquished)|Relinquished|Not shale play|2100|2100|2100|Ringkobing-Fyn High|Offshore shelf|100-200 ft depth|25-50 meter depth|Shelf (to 400 ft)|Shelf (to 125 meter)|Royalty/Tax|\\N|02/05, DK|Conventional|Conventional|Conventional
32560|27337|\\N|1972|Field|Dan, DK|Central Graben|\\N|Benign|Full year humid, warm summer|Benign|1970|1970|1971|\\N|Steel platform|Fixed|Resources 300-1000 MMboe|Resources 300-1000 MMboe|Oil field|Oil field (Gas-Oil-Ratio 10-20%)|Europe continental|\\N|\\N|Sole Concession of 1962, DK|Offshore|Major|TotalEnergies|Not shale play|1970|1970|1972|Central Graben|Offshore shelf|100-200 ft depth|25-50 meter depth|Shelf (to 400 ft)|Shelf (to 125 meter)|Royalty/Tax|2050|Dan, DK|Conventional|Conventional|Conventional
32627|27350|\\N|2100|License relinquished|07/06 Rau, DK|Central Graben|\\N|Benign|Full year humid, warm summer|Benign|2100|2100|2100|\\N|Steel platform|Fixed|Resources 0-1 MMboe|Resources below 30 MMboe|Other|Other|Europe continental|\\N|\\N|07/06, DK|Offshore|Unspecific (Other/Open/Relinquished)|Relinquished|Not shale play|2100|2100|2100|Central Graben|Offshore shelf|100-200 ft depth|50-75 meter depth|Shelf (to 400 ft)|Shelf (to 125 meter)|Royalty/Tax|\\N|07/06 Rau, DK|Conventional|Conventional|Conventional
32613|27361|\\N|2100|License relinquished|01/02, DK|Skagerrak - Kattegat|\\N|Benign|Full year humid, warm summer|Benign|2100|2100|2100|\\N|Onshore|Onshore|Resources 0-1 MMboe|Resources below 30 MMboe|Other|Other|Europe continental|\\N|\\N|01/02, DK|Onshore|Unspecific (Other/Open/Relinquished)|Relinquished|Not shale play|2100|2100|2100|Skagerrak - Kattegat|Other Onshore|Land|Land|Land|Land|Royalty/Tax|\\N|01/02, DK|Unknown|Unknown|Unknown
194792|51832|\\N|2042|License|5504/10, 14 (Rolf), DK|Central Graben|\\N|Benign|Full year humid, warm summer|Benign|2020|2020|2023|\\N|Steel platform|Fixed|Resources 1-3 MMboe|Resources below 30 MMboe|Oil field|Oil field (Gas-Oil-Ratio 40-80%)|Europe continental|\\N|\\N|Sole Concession of 1962, DK|Offshore|Major|TotalEnergies|Not shale play|2040|2040|2043|Sogne|Offshore shelf|100-200 ft depth|50-75 meter depth|Shelf (to 400 ft)|Shelf (to 125 meter)|Royalty/Tax|2052|Rolf (5504/10, 14), DK|Conventional|Conventional|Conventional
89432|34797|\\N|2100|License relinquished|01/07, DK|Northwest German|\\N|Benign|Full year humid, warm summer|Benign|2100|2100|2100|\\N|Onshore|Onshore|Resources 0-1 MMboe|Resources below 30 MMboe|Other|Other|Europe continental|\\N|\\N|01/07, DK|Onshore|Unspecific (Other/Open/Relinquished)|Relinquished|Not shale play|2100|2100|2100|Northwest German|Other Onshore|Land|Land|Land|Land|Royalty/Tax|\\N|01/07, DK|Conventional|Conventional|Conventional
204440|55148|\\N|2100|License Relinquished|02/86, DK|Mid-Polish Trough|\\N|Benign|Full year humid, warm summer|Benign|2100|2100|2100|\\N|Steel platform|Fixed|Resources 0-1 MMboe|Resources below 30 MMboe|Other|Other|Local market|\\N|\\N|02/86, DK|Offshore|Unspecific (Other/Open/Relinquished)|Relinquished|Not shale play|2100|2100|2100|Mid-Polish Trough|Offshore shelf|0-100 ft depth|0-25 meter depth|Shelf (to 400 ft)|Shelf (to 125 meter)|Royalty/Tax|\\N|02/86, DK|Unknown|Unknown|Unknown
204443|55151|\\N|2100|License Relinquished|08/89, DK|Central Graben|\\N|Benign|Full year humid, warm summer|Benign|2100|2100|2100|\\N|Steel platform|Fixed|Resources 0-1 MMboe|Resources below 30 MMboe|Other|Other|Local market|\\N|\\N|08/89, DK|Offshore|Unspecific (Other/Open/Relinquished)|Relinquished|Not shale play|2100|2100|2100|Central Graben|Offshore shelf|100-200 ft depth|50-75 meter depth|Shelf (to 400 ft)|Shelf (to 125 meter)|Royalty/Tax|\\N|08/89, DK|Unknown|Unknown|Unknown
204448|55156|\\N|2100|License Relinquished|01/95, DK|Central Graben|\\N|Benign|Full year humid, warm summer|Benign|2100|2100|2100|\\N|Steel platform|Fixed|Resources 0-1 MMboe|Resources below 30 MMboe|Other|Other|Local market|\\N|\\N|01/95, DK|Offshore|Unspecific (Other/Open/Relinquished)|Relinquished|Not shale play|2100|2100|2100|Central Graben|Offshore shelf|100-200 ft depth|50-75 meter depth|Shelf (to 400 ft)|Shelf (to 125 meter)|Royalty/Tax|\\N|01/95, DK|Unknown|Unknown|Unknown
204426|55134|\\N|2100|License Relinquished|Gas Storage Investigation, DK|Danish Norwegian|\\N|Benign|Full year humid, warm summer|Benign|2100|2100|2100|\\N|Steel platform|Fixed|Resources 0-1 MMboe|Resources below 30 MMboe|Other|Other|Local market|\\N|\\N|Gas Storage Investigation, DK|Offshore|Unspecific (Other/Open/Relinquished)|Relinquished|Not shale play|2100|2100|2100|Danish Norwegian|Offshore shelf|0-100 ft depth|0-25 meter depth|Shelf (to 400 ft)|Shelf (to 125 meter)|Royalty/Tax|\\N|Gas Storage Investigation, DK|Unknown|Unknown|Unknown
234857|27344|\\N|2040|Open|Open 2037 Rotliegend -  Northwest German North Sea 1 , DK|Northwest German|\\N|Benign|Full year humid, warm summer|Benign|2040|2040|2040|\\N|Onshore|Onshore|Unknown|Unknown|Gas field|Gas field (CGR 0 Dry gas)|Europe continental|\\N|\\N|Northwest German Offshore , DK|Onshore|Unspecific (Other/Open/Relinquished)|Open acreage|Not shale play|2040|2040|2044|Northwest German|Other Onshore|Land|Land|Land|Land|Royalty/Tax|2101|Northwest German Offshore , DK|Unknown|Unknown|Unknown
238914|60745|\\N|2028|License|9/16, DK|Central Graben|\\N|Benign|Full year humid, warm summer|Benign|2020|2020|2024|\\N|Steel platform|Fixed|Resources 30-100 MMboe|Resources 30-300 MMboe|Oil field|Oil field (Gas-Oil-Ratio 40-80%)|Europe continental|\\N|\\N|9/16, DK|Offshore|Independent|Wintershall Dea|Not shale play|2040|2040|2044|Sogne|Offshore shelf|200-300 ft depth|50-75 meter depth|Shelf (to 400 ft)|Shelf (to 125 meter)|Royalty/Tax|2065|9/16, DK|Conventional|Conventional|Conventional
238916|60747|\\N|2100|License relinquished|11/16, DK|Central Graben|\\N|Benign|Full year humid, warm summer|Benign|2100|2100|2100|\\N|Steel platform|Fixed|Resources 30-100 MMboe|Resources 30-300 MMboe|Other|Other|Europe continental|\\N|\\N|11/16, DK|Offshore|Unspecific (Other/Open/Relinquished)|Relinquished|Not shale play|2100|2100|2100|Central Graben|Offshore shelf|100-200 ft depth|50-75 meter depth|Shelf (to 400 ft)|Shelf (to 125 meter)|Royalty/Tax|2052|11/16, DK|Conventional|Conventional|Conventional
238918|60749|\\N|2100|License relinquished|13/16, DK|Ringkobing-Fyn High|\\N|Benign|Full year humid, warm summer|Benign|2100|2100|2100|\\N|Steel platform|Fixed|Resources 0-1 MMboe|Resources below 30 MMboe|Other|Other|Europe continental|\\N|\\N|13/16, DK|Offshore|Unspecific (Other/Open/Relinquished)|Relinquished|Not shale play|2100|2100|2100|Ringkobing-Fyn High|Offshore shelf|100-200 ft depth|50-75 meter depth|Shelf (to 400 ft)|Shelf (to 125 meter)|Royalty/Tax|\\N|13/16, DK|Conventional|Conventional|Conventional
109545|40105|\\N|2100|License relinquished|01/11, DK|Ringkobing-Fyn High|\\N|Benign|Full year humid, warm summer|Benign|2100|2100|2100|\\N|Steel platform|Fixed|Resources 0-1 MMboe|Resources below 30 MMboe|Other|Other|Europe continental|\\N|\\N|01/11, DK|Offshore|Unspecific (Other/Open/Relinquished)|Relinquished|Not shale play|2100|2100|2100|Ringkobing-Fyn High|Offshore shelf|100-200 ft depth|25-50 meter depth|Shelf (to 400 ft)|Shelf (to 125 meter)|Royalty/Tax|\\N|01/11, DK|Conventional|Conventional|Conventional
113026|27338|\\N|2027|Field|Broder Tuck (Broder Tck-1:5504/20-03), DK|Central Graben|\\N|Benign|Full year humid, warm summer|Benign|2010|2010|2011|\\N|Steel platform|Fixed|Resources 10-30 MMboe|Resources below 30 MMboe|Gas-Condensate field|Gas-Condensate field (CGR 20+ bbl/MMcf)|Europe continental|\\N|\\N|12/06, DK|Offshore|E&P Company|Dana Petroleum|Not shale play|2025|2020|2029|Central Graben|Offshore shelf|100-200 ft depth|25-50 meter depth|Shelf (to 400 ft)|Shelf (to 125 meter)|Royalty/Tax|2052|Robin Hood, DK|Conventional|Conventional|Conventional
191724|50449|\\N|2100|License relinquished|4/06b (Southwestern), DK|Central Graben|\\N|Benign|Full year humid, warm summer|Benign|2100|2100|2100|\\N|Steel platform|Fixed|Resources 0-1 MMboe|Resources below 30 MMboe|Other|Other|Europe continental|\\N|\\N|4/06b (Southwestern), DK|Offshore|Unspecific (Other/Open/Relinquished)|Relinquished|Not shale play|2100|2100|2100|Central Graben|Offshore shelf|100-200 ft depth|50-75 meter depth|Shelf (to 400 ft)|Shelf (to 125 meter)|Royalty/Tax|\\N|4/06b (Southwestern), DK|Conventional|Conventional|Conventional
204425|55133|\\N|2100|License Relinquished|01/62, DK|Norwegian - Danish|\\N|Benign|Full year humid, warm summer|Benign|2100|2100|2100|\\N|Steel platform|Fixed|Resources 0-1 MMboe|Resources below 30 MMboe|Other|Other|Local market|\\N|\\N|01/62, DK|Offshore|Unspecific (Other/Open/Relinquished)|Relinquished|Not shale play|2100|2100|2100|Norwegian - Danish|Offshore shelf|100-200 ft depth|25-50 meter depth|Shelf (to 400 ft)|Shelf (to 125 meter)|Royalty/Tax|\\N|01/62, DK|Unknown|Unknown|Unknown
204444|55152|\\N|2100|License Relinquished|03/89, DK|Danish Norwegian|\\N|Benign|Full year humid, warm summer|Benign|2100|2100|2100|\\N|Steel platform|Fixed|Resources 0-1 MMboe|Resources below 30 MMboe|Other|Other|Local market|\\N|\\N|03/89, DK|Offshore|Unspecific (Other/Open/Relinquished)|Relinquished|Not shale play|2100|2100|2100|Danish Norwegian|Offshore shelf|100-200 ft depth|25-50 meter depth|Shelf (to 400 ft)|Shelf (to 125 meter)|Royalty/Tax|\\N|03/89, DK|Unknown|Unknown|Unknown
238917|60748|\\N|2100|License relinquished|12/16, DK|Danish Norwegian|\\N|Benign|Full year humid, warm summer|Benign|2100|2100|2100|\\N|Steel platform|Fixed|Resources 0-1 MMboe|Resources below 30 MMboe|Other|Other|Europe continental|\\N|\\N|12/16, DK|Offshore|Unspecific (Other/Open/Relinquished)|Relinquished|Not shale play|2100|2100|2100|Danish Norwegian|Offshore shelf|100-200 ft depth|50-75 meter depth|Shelf (to 400 ft)|Shelf (to 125 meter)|Royalty/Tax|\\N|12/16, DK|Conventional|Conventional|Conventional
238920|60751|\\N|2100|License relinquished|16/16, DK|Central Graben|\\N|Benign|Full year humid, warm summer|Benign|2100|2100|2100|\\N|Steel platform|Fixed|Resources 0-1 MMboe|Resources below 30 MMboe|Other|Other|Europe continental|\\N|\\N|16/16, DK|Offshore|Unspecific (Other/Open/Relinquished)|Relinquished|Not shale play|2100|2100|2100|Central Graben|Offshore shelf|100-200 ft depth|25-50 meter depth|Shelf (to 400 ft)|Shelf (to 125 meter)|Royalty/Tax|\\N|16/16, DK|Conventional|Conventional|Conventional
244622|27337|\\N|2017|Field|Tyra (redevelop), DK|Central Graben|\\N|Benign|Full year humid, warm summer|Benign|1960|1965|1968|\\N|Steel platform|Fixed|Resources 100-300 MMboe|Resources 30-300 MMboe|Gas-Condensate field|Gas-Condensate field (CGR 20+ bbl/MMcf)|Europe continental|\\N|\\N|Sole Concession of 1962, DK|Offshore|Major|TotalEnergies|Not shale play|2020|2020|2023|Central Graben|Offshore shelf|100-200 ft depth|25-50 meter depth|Shelf (to 400 ft)|Shelf (to 125 meter)|Royalty/Tax|2046|Tyra, DK|Conventional|Conventional|Conventional
32559|27334|\\N|1996|Field|South Arne, DK|Central Graben|\\N|Benign|Full year humid, warm summer|Benign|1960|1965|1969|\\N|Steel platform|Fixed|Resources 100-300 MMboe|Resources 30-300 MMboe|Oil field|Oil field (Gas-Oil-Ratio 20-40%)|Europe continental|\\N|\\N|07/89 (Arne South), DK|Offshore|Industrial|Ineos Group|Not shale play|1995|1990|1999|Central Graben|Offshore shelf|100-200 ft depth|50-75 meter depth|Shelf (to 400 ft)|Shelf (to 125 meter)|Royalty/Tax|2037|Arne South, DK|Conventional|Conventional|Conventional
32565|27337|\\N|1981|Field|Skjold, DK|Central Graben|\\N|Benign|Full year humid, warm summer|Benign|1970|1975|1977|\\N|Steel platform|Fixed|Resources 300-1000 MMboe|Resources 300-1000 MMboe|Oil field|Oil field (Gas-Oil-Ratio 05-10%)|Europe continental|\\N|\\N|Sole Concession of 1962, DK|Offshore|Major|TotalEnergies|Not shale play|1980|1980|1982|Central Graben|Offshore shelf|100-200 ft depth|25-50 meter depth|Shelf (to 400 ft)|Shelf (to 125 meter)|Royalty/Tax|2034|Gorm, DK|Conventional|Conventional|Conventional
32568|27337|\\N|1992|Field|Regnar, DK|Central Graben|\\N|Benign|Full year humid, warm summer|Benign|1970|1975|1979|\\N|Subsea tie back|Subsea tie back|Resources 3-10 MMboe|Resources below 30 MMboe|Oil field|Oil field (Gas-Oil-Ratio 01-05%)|Europe continental|\\N|\\N|Sole Concession of 1962, DK|Offshore|Major|TotalEnergies|Not shale play|1990|1990|1993|Central Graben|Offshore shelf|100-200 ft depth|25-50 meter depth|Shelf (to 400 ft)|Shelf (to 125 meter)|Royalty/Tax|2008|Dan, DK|Conventional|Conventional|Conventional
32575|27314|\\N|2031|Field|Freja (Gert-1:5603/27-02), DK|Central Graben|\\N|Benign|Full year humid, warm summer|Benign|1980|1980|1984|\\N|Subsea tie back|Subsea tie back|Resources 3-10 MMboe|Resources below 30 MMboe|Oil field|Oil field (Sour)|Europe continental|\\N|\\N|Sole Concession of 1962, DK|Offshore|Major|TotalEnergies|Not shale play|2030|2030|2032|Feda Graben|Offshore shelf|200-300 ft depth|50-75 meter depth|Shelf (to 400 ft)|Shelf (to 125 meter)|Royalty/Tax|2043|Freja, DK|Conventional|Conventional|Conventional
32589|27337|\\N|1999|Field|Halfdan, DK|Central Graben|\\N|Benign|Full year humid, warm summer|Benign|1990|1995|1997|\\N|Steel platform|Fixed|Resources 300-1000 MMboe|Resources 300-1000 MMboe|Oil field|Oil field (Gas-Oil-Ratio 40-80%)|Europe continental|\\N|\\N|Sole Concession of 1962, DK|Offshore|Major|TotalEnergies|Not shale play|1995|1990|1999|Central Graben|Offshore shelf|100-200 ft depth|25-50 meter depth|Shelf (to 400 ft)|Shelf (to 125 meter)|Royalty/Tax|2043|Halfdan, DK|Conventional|Conventional|Conventional
32592|27353|\\N|2002|Field|Nini, DK|Danish Norwegian|\\N|Benign|Full year humid, warm summer|Benign|2000|2000|2000|\\N|Steel platform|Fixed|Resources 30-100 MMboe|Resources 30-300 MMboe|Oil field|Oil field (Gas-Oil-Ratio 10-20%)|Local market|\\N|\\N|04/95 (Nini), DK|Offshore|Industrial|Ineos Group|Not shale play|2000|2000|2003|Danish Norwegian|Offshore shelf|100-200 ft depth|50-75 meter depth|Shelf (to 400 ft)|Shelf (to 125 meter)|Royalty/Tax|2028|Siri, DK|Conventional|Conventional|Conventional
32593|27322|\\N|2003|Field|Cecilie, DK|Danish Norwegian|\\N|Benign|Full year humid, warm summer|Benign|2000|2000|2000|\\N|Steel platform|Fixed|Resources 3-10 MMboe|Resources below 30 MMboe|Oil field|Oil field (Gas-Oil-Ratio 01-05%)|Local market|\\N|\\N|16/98 (Cecilie), DK|Offshore|Industrial|Ineos Group|Not shale play|2000|2000|2003|Danish Norwegian|Offshore shelf|100-200 ft depth|50-75 meter depth|Shelf (to 400 ft)|Shelf (to 125 meter)|Royalty/Tax|2029|Siri, DK|Conventional|Conventional|Conventional
32618|27305|\\N|2100|License relinquished|13/98, DK|Central Graben|\\N|Benign|Full year humid, warm summer|Benign|2100|2100|2100|\\N|Steel platform|Fixed|Resources 0-1 MMboe|Resources below 30 MMboe|Other|Other|Europe continental|\\N|\\N|13/98, DK|Offshore|Unspecific (Other/Open/Relinquished)|Relinquished|Not shale play|2100|2100|2100|Central Graben|Offshore shelf|100-200 ft depth|25-50 meter depth|Shelf (to 400 ft)|Shelf (to 125 meter)|Royalty/Tax|\\N|13/98, DK|Unknown|Unknown|Unknown
32645|27338|\\N|2030|License|12/6, DK|Central Graben|\\N|Benign|Full year humid, warm summer|Benign|2020|2020|2023|\\N|Steel platform|Fixed|Resources 3-10 MMboe|Resources below 30 MMboe|Oil field|Oil field (Sour)|Europe continental|\\N|\\N|12/06, DK|Offshore|E&P Company|Dana Petroleum|Not shale play|2040|2040|2043|Central Graben|Offshore shelf|100-200 ft depth|25-50 meter depth|Shelf (to 400 ft)|Shelf (to 125 meter)|Royalty/Tax|2058|12/06, DK|Conventional|Conventional|Conventional
32603|27353|\\N|2009|Field|Nini East, DK|Danish Norwegian|\\N|Benign|Full year humid, warm summer|Benign|2000|2005|2007|\\N|Steel platform|Fixed|Resources 10-30 MMboe|Resources below 30 MMboe|Oil field|Oil field (Gas-Oil-Ratio 01-05%)|Local market|\\N|\\N|04/95 (Nini), DK|Offshore|Industrial|Ineos Group|Not shale play|2010|2010|2010|Danish Norwegian|Offshore shelf|100-200 ft depth|50-75 meter depth|Shelf (to 400 ft)|Shelf (to 125 meter)|Royalty/Tax|2033|Siri, DK|Conventional|Conventional|Conventional
32610|27332|\\N|2100|License relinquished|13/06, DK|Central Graben|\\N|Benign|Full year humid, warm summer|Benign|2100|2100|2100|\\N|Steel platform|Fixed|Resources 0-1 MMboe|Resources below 30 MMboe|Other|Other|Europe continental|\\N|\\N|13/06, DK|Offshore|Unspecific (Other/Open/Relinquished)|Relinquished|Not shale play|2100|2100|2100|Sogne|Offshore shelf|100-200 ft depth|50-75 meter depth|Shelf (to 400 ft)|Shelf (to 125 meter)|Royalty/Tax|\\N|13/06, DK|Unknown|Unknown|Unknown
108689|39816|\\N|2100|License relinquished|01/10, DK|Skagerrak - Kattegat|\\N|Benign|Full year humid, warm summer|Benign|2100|2100|2100|\\N|Onshore|Onshore|Resources 0-1 MMboe|Resources below 30 MMboe|Other|Other|Europe continental|\\N|\\N|01/10, DK|Onshore|Unspecific (Other/Open/Relinquished)|Relinquished|Alum Shale, DK|2100|2100|2100|Skagerrak - Kattegat|Shale/Tight oil|Land|Land|Land|Land|Royalty/Tax|\\N|Alum Shale, DK|Unconventional gas|Shale gas plays|Unconventional
204447|55155|\\N|2100|License Relinquished|01/92, DK|Northwest German|\\N|Benign|Full year humid, warm summer|Benign|2100|2100|2100|\\N|Onshore|Onshore|Resources 0-1 MMboe|Resources below 30 MMboe|Other|Other|Local market|\\N|\\N|01/92, DK|Onshore|Unspecific (Other/Open/Relinquished)|Relinquished|Not shale play|2100|2100|2100|Northwest German|Other Onshore|Land|Land|Land|Land|Royalty/Tax|\\N|01/92, DK|Unknown|Unknown|Unknown
204452|55160|\\N|2100|License Relinquished|10/98, DK|Central Graben|\\N|Benign|Full year humid, warm summer|Benign|2100|2100|2100|\\N|Steel platform|Fixed|Resources 0-1 MMboe|Resources below 30 MMboe|Other|Other|Local market|\\N|\\N|10/98, DK|Offshore|Unspecific (Other/Open/Relinquished)|Relinquished|Not shale play|2100|2100|2100|Central Graben|Offshore shelf|100-200 ft depth|50-75 meter depth|Shelf (to 400 ft)|Shelf (to 125 meter)|Royalty/Tax|\\N|10/98, DK|Unknown|Unknown|Unknown
238919|60750|\\N|2100|License relinquished|15/16, DK|Central Graben|\\N|Benign|Full year humid, warm summer|Benign|2100|2100|2100|\\N|Steel platform|Fixed|Resources 0-1 MMboe|Resources below 30 MMboe|Other|Other|Europe continental|\\N|\\N|15/16, DK|Offshore|Unspecific (Other/Open/Relinquished)|Relinquished|Not shale play|2100|2100|2100|Central Graben|Offshore shelf|200-300 ft depth|50-75 meter depth|Shelf (to 400 ft)|Shelf (to 125 meter)|Royalty/Tax|\\N|15/16, DK|Conventional|Conventional|Conventional
32625|27308|\\N|2100|License relinquished|9/95 , DK|Central Graben|\\N|Benign|Full year humid, warm summer|Benign|2100|2100|2100|\\N|Steel platform|Fixed|Resources 0-1 MMboe|Resources below 30 MMboe|Other|Other|Europe continental|\\N|\\N|09/95, DK|Offshore|Unspecific (Other/Open/Relinquished)|Relinquished|Not shale play|2100|2100|2100|Piggvar Terrace|Offshore shelf|200-300 ft depth|50-75 meter depth|Shelf (to 400 ft)|Shelf (to 125 meter)|Royalty/Tax|\\N|09/95, DK|Conventional|Conventional|Conventional
32602|27350|\\N|2033|Field|Rau (Rau-1:5604/23-01), DK|Central Graben|\\N|Benign|Full year humid, warm summer|Benign|2000|2005|2007|\\N|Steel platform|Fixed|Resources 3-10 MMboe|Resources below 30 MMboe|Oil field|Oil field (Gas-Oil-Ratio 80-160%)|Europe continental|\\N|\\N|07/06, DK|Offshore|Unspecific (Other/Open/Relinquished)|Relinquished|Not shale play|2030|2030|2034|Central Graben|Offshore shelf|100-200 ft depth|50-75 meter depth|Shelf (to 400 ft)|Shelf (to 125 meter)|Royalty/Tax|2051|Rau, DK|Conventional|Conventional|Conventional
32608|27346|\\N|2100|License relinquished|17/98, DK|Danish Norwegian|\\N|Benign|Full year humid, warm summer|Benign|2100|2100|2100|\\N|Steel platform|Fixed|Resources 0-1 MMboe|Resources below 30 MMboe|Other|Other|Europe continental|\\N|\\N|17/98, DK|Offshore|Unspecific (Other/Open/Relinquished)|Relinquished|Not shale play|2100|2100|2100|Danish Norwegian|Offshore shelf|200-300 ft depth|50-75 meter depth|Shelf (to 400 ft)|Shelf (to 125 meter)|Royalty/Tax|\\N|17/98, DK|Unknown|Unknown|Unknown
32624|27319|\\N|2027|License|7/89 (South Arne), DK|Central Graben|\\N|Benign|Full year humid, warm summer|Benign|2020|2025|2027|\\N|Steel platform|Fixed|Resources 3-10 MMboe|Resources below 30 MMboe|Oil field|Oil field (Sour)|Europe continental|\\N|\\N|07/89 (Arne South), DK|Offshore|Industrial|Ineos Group|Not shale play|2040|2040|2041|Central Graben|Offshore shelf|100-200 ft depth|50-75 meter depth|Shelf (to 400 ft)|Shelf (to 125 meter)|Royalty/Tax|2054|07/89 (Arne South), DK|Conventional|Conventional|Conventional
194793|51833|\\N|2030|License|5604/25 (Svend), DK|Central Graben|\\N|Benign|Full year humid, warm summer|Benign|2020|2025|2025|\\N|Steel platform|Fixed|Resources 3-10 MMboe|Resources below 30 MMboe|Oil field|Oil field (Gas-Oil-Ratio 40-80%)|Europe continental|\\N|\\N|Sole Concession of 1962, DK|Offshore|Major|TotalEnergies|Not shale play|2045|2040|2045|Central Graben|Offshore shelf|100-200 ft depth|25-50 meter depth|Shelf (to 400 ft)|Shelf (to 125 meter)|Royalty/Tax|2057|Tyra, DK|Conventional|Conventional|Conventional
204436|55144|\\N|2100|License Relinquished|14/84, DK|Danish Norwegian|\\N|Benign|Full year humid, warm summer|Benign|2100|2100|2100|\\N|Steel platform|Fixed|Resources 0-1 MMboe|Resources below 30 MMboe|Other|Other|Local market|\\N|\\N|14/84, DK|Offshore|Unspecific (Other/Open/Relinquished)|Relinquished|Not shale play|2100|2100|2100|Danish Norwegian|Offshore shelf|100-200 ft depth|25-50 meter depth|Shelf (to 400 ft)|Shelf (to 125 meter)|Royalty/Tax|\\N|14/84, DK|Unknown|Unknown|Unknown
204441|55149|\\N|2100|License Relinquished|02/84, DK|Central Graben|\\N|Benign|Full year humid, warm summer|Benign|2100|2100|2100|\\N|Steel platform|Fixed|Resources 0-1 MMboe|Resources below 30 MMboe|Other|Other|Local market|\\N|\\N|02/84, DK|Offshore|Unspecific (Other/Open/Relinquished)|Relinquished|Not shale play|2100|2100|2100|Central Graben|Offshore shelf|100-200 ft depth|25-50 meter depth|Shelf (to 400 ft)|Shelf (to 125 meter)|Royalty/Tax|\\N|02/84, DK|Unknown|Unknown|Unknown
238711|60678|\\N|2100|License relinquished|14/16, DK|Central Graben|\\N|Benign|Full year humid, warm summer|Benign|2100|2100|2100|\\N|Steel platform|Fixed|Resources 0-1 MMboe|Resources below 30 MMboe|Other|Other|Europe continental|\\N|\\N|14/16, DK|Offshore|Unspecific (Other/Open/Relinquished)|Relinquished|Not shale play|2100|2100|2100|Central Graben|Offshore shelf|200-300 ft depth|50-75 meter depth|Shelf (to 400 ft)|Shelf (to 125 meter)|Royalty/Tax|\\N|14/16, DK|Conventional|Conventional|Conventional
204428|55136|\\N|2100|License Relinquished|06/84, DK|Central Graben|\\N|Benign|Full year humid, warm summer|Benign|2100|2100|2100|\\N|Steel platform|Fixed|Resources 0-1 MMboe|Resources below 30 MMboe|Other|Other|Local market|\\N|\\N|06/84, DK|Offshore|Unspecific (Other/Open/Relinquished)|Relinquished|Not shale play|2100|2100|2100|Central Graben|Offshore shelf|100-200 ft depth|50-75 meter depth|Shelf (to 400 ft)|Shelf (to 125 meter)|Royalty/Tax|\\N|06/84, DK|Unknown|Unknown|Unknown
204431|55139|\\N|2100|License Relinquished|11/84, DK|Northwest German|\\N|Benign|Full year humid, warm summer|Benign|2100|2100|2100|\\N|Steel platform|Fixed|Resources 0-1 MMboe|Resources below 30 MMboe|Other|Other|Local market|\\N|\\N|11/84, DK|Offshore|Unspecific (Other/Open/Relinquished)|Relinquished|Not shale play|2100|2100|2100|Northwest German|Offshore shelf|0-100 ft depth|0-25 meter depth|Shelf (to 400 ft)|Shelf (to 125 meter)|Royalty/Tax|\\N|11/84, DK|Unknown|Unknown|Unknown
32574|27337|\\N|1989|Field|Dagmar, DK|Central Graben|\\N|Benign|Full year humid, warm summer|Benign|1980|1980|1983|\\N|Steel platform|Fixed|Resources 3-10 MMboe|Resources below 30 MMboe|Oil field|Oil field (Gas-Oil-Ratio 0%)|Europe continental|\\N|\\N|Sole Concession of 1962, DK|Offshore|Major|TotalEnergies|Not shale play|1990|1990|1991|Central Graben|Offshore shelf|100-200 ft depth|25-50 meter depth|Shelf (to 400 ft)|Shelf (to 125 meter)|Royalty/Tax|2008|Gorm, DK|Conventional|Conventional|Conventional
32622|27311|\\N|2100|License relinquished|09/06, DK|Central Graben|\\N|Benign|Full year humid, warm summer|Benign|2100|2100|2100|\\N|Steel platform|Fixed|Resources 0-1 MMboe|Resources below 30 MMboe|Other|Other|Europe continental|\\N|\\N|09/06, DK|Offshore|Unspecific (Other/Open/Relinquished)|Relinquished|Not shale play|2100|2100|2100|Sogne|Offshore shelf|100-200 ft depth|50-75 meter depth|Shelf (to 400 ft)|Shelf (to 125 meter)|Royalty/Tax|\\N|09/06, DK|Conventional|Conventional|Conventional
105467|38389|\\N|2100|License relinquished|03/07, DK|Danish Norwegian|\\N|Benign|Full year humid, warm summer|Benign|2100|2100|2100|\\N|Onshore|Onshore|Resources 0-1 MMboe|Resources below 30 MMboe|Other|Other|Europe continental|\\N|\\N|03/07, DK|Onshore|Unspecific (Other/Open/Relinquished)|Relinquished|Not shale play|2100|2100|2100|Danish Norwegian|Other Onshore|Land|Land|Land|Land|Royalty/Tax|\\N|03/07, DK|Conventional|Conventional|Conventional
105468|38390|\\N|2100|License relinquished|01/09, DK|Danish Norwegian|\\N|Benign|Full year humid, warm summer|Benign|2100|2100|2100|\\N|Onshore|Onshore|Resources 0-1 MMboe|Resources below 30 MMboe|Other|Other|Europe continental|\\N|\\N|01/09, DK|Onshore|Unspecific (Other/Open/Relinquished)|Relinquished|Not shale play|2100|2100|2100|Danish Norwegian|Other Onshore|Land|Land|Land|Land|Royalty/Tax|\\N|Danica Jutland Project, DK|Conventional|Conventional|Conventional
192071|27326|\\N|2026|Field|Hibonite (Hibonite-1:5504/01-03), DK|Central Graben|\\N|Benign|Full year humid, warm summer|Benign|2010|2010|2013|\\N|Steel platform|Fixed|Resources 10-30 MMboe|Resources below 30 MMboe|Oil field|Oil field (Gas-Oil-Ratio 20-40%)|Europe continental|\\N|\\N|05/06, DK|Offshore|Independent|Wintershall Dea|Not shale play|2025|2020|2029|Central Graben|Offshore shelf|100-200 ft depth|50-75 meter depth|Shelf (to 400 ft)|Shelf (to 125 meter)|Royalty/Tax|2046|Hibonite, DK|Conventional|Conventional|Conventional
204429|55137|\\N|2100|License Relinquished|03/84, DK|Danish Norwegian|\\N|Benign|Full year humid, warm summer|Benign|2100|2100|2100|\\N|Onshore|Onshore|Resources 0-1 MMboe|Resources below 30 MMboe|Other|Other|Local market|\\N|\\N|03/84, DK|Onshore|Unspecific (Other/Open/Relinquished)|Relinquished|Not shale play|2100|2100|2100|Danish Norwegian|Other Onshore|Land|Land|Land|Land|Royalty/Tax|\\N|03/84, DK|Unknown|Unknown|Unknown
238915|60746|\\N|2100|License relinquished|10/16, DK|Central Graben|\\N|Benign|Full year humid, warm summer|Benign|2100|2100|2100|\\N|Steel platform|Fixed|Resources 0-1 MMboe|Resources below 30 MMboe|Other|Other|Europe continental|\\N|\\N|10/16, DK|Offshore|Unspecific (Other/Open/Relinquished)|Relinquished|Not shale play|2100|2100|2100|Central Graben|Offshore shelf|100-200 ft depth|25-50 meter depth|Shelf (to 400 ft)|Shelf (to 125 meter)|Royalty/Tax|\\N|10/16, DK|Conventional|Conventional|Conventional
279421|27337|\\N|2023|Field|Halfdan North, DK|Central Graben|\\N|Benign|Full year humid, warm summer|Benign|1990|1995|1997|\\N|Steel platform|Fixed|Resources 30-100 MMboe|Resources 30-300 MMboe|Oil field|Oil field (Gas-Oil-Ratio 20-40%)|Europe continental|\\N|\\N|Sole Concession of 1962, DK|Offshore|Major|TotalEnergies|Not shale play|2025|2020|2025|Central Graben|Offshore shelf|100-200 ft depth|25-50 meter depth|Shelf (to 400 ft)|Shelf (to 125 meter)|Royalty/Tax|2048|Halfdan, DK|Conventional|Conventional|Conventional
105470|38392|\\N|2100|License relinquished|02/07, DK|Norwegian - Danish|\\N|Benign|Full year humid, warm summer|Benign|2100|2100|2100|\\N|Onshore|Onshore|Resources 0-1 MMboe|Resources below 30 MMboe|Other|Other|Europe continental|\\N|\\N|02/07, DK|Onshore|Unspecific (Other/Open/Relinquished)|Relinquished|Not shale play|2100|2100|2100|Norwegian - Danish|Other Onshore|Land|Land|Land|Land|Royalty/Tax|\\N|02/07, DK|Conventional|Conventional|Conventional
119380|27338|\\N|2028|Field|Lille John (LilleJohn-1:5504/20-05), DK|Central Graben|\\N|Benign|Full year humid, warm summer|Benign|2010|2010|2011|\\N|Steel platform|Fixed|Resources 10-30 MMboe|Resources below 30 MMboe|Oil field|Oil field (Sour)|Europe continental|\\N|\\N|12/06, DK|Offshore|E&P Company|Dana Petroleum|Not shale play|2025|2020|2029|Central Graben|Offshore shelf|100-200 ft depth|25-50 meter depth|Shelf (to 400 ft)|Shelf (to 125 meter)|Royalty/Tax|2047|Robin Hood, DK|Conventional|Conventional|Conventional
204438|55146|\\N|2100|License Relinquished|04/86, DK|Central Graben|\\N|Benign|Full year humid, warm summer|Benign|2100|2100|2100|\\N|Steel platform|Fixed|Resources 0-1 MMboe|Resources below 30 MMboe|Other|Other|Local market|\\N|\\N|04/86, DK|Offshore|Unspecific (Other/Open/Relinquished)|Relinquished|Not shale play|2100|2100|2100|Central Graben|Offshore shelf|100-200 ft depth|50-75 meter depth|Shelf (to 400 ft)|Shelf (to 125 meter)|Royalty/Tax|\\N|04/86, DK|Unknown|Unknown|Unknown
204449|55157|\\N|2100|License Relinquished|02/95, DK|Central Graben|\\N|Benign|Full year humid, warm summer|Benign|2100|2100|2100|\\N|Steel platform|Fixed|Resources 0-1 MMboe|Resources below 30 MMboe|Other|Other|Local market|\\N|\\N|02/95, DK|Offshore|Unspecific (Other/Open/Relinquished)|Relinquished|Not shale play|2100|2100|2100|Central Graben|Offshore shelf|100-200 ft depth|50-75 meter depth|Shelf (to 400 ft)|Shelf (to 125 meter)|Royalty/Tax|\\N|02/95, DK|Unknown|Unknown|Unknown
204456|55164|\\N|2100|License Relinquished|09/84, DK|Soregnefrei-Tornquist Fault Complex|\\N|Benign|Full year humid, warm summer|Benign|2100|2100|2100|\\N|Onshore|Onshore|Resources 0-1 MMboe|Resources below 30 MMboe|Other|Other|Local market|\\N|\\N|09/84, DK|Onshore|Unspecific (Other/Open/Relinquished)|Relinquished|Not shale play|2100|2100|2100|Soregnefrei-Tornquist Fault Complex|Other Onshore|Land|Land|Land|Land|Royalty/Tax|\\N|09/84, DK|Unknown|Unknown|Unknown
234858|27344|\\N|2051|Open|Open 2042 Rotliegend -  Northwest German North Sea 1 , DK|Northwest German|\\N|Benign|Full year humid, warm summer|Benign|2040|2045|2046|\\N|Onshore|Onshore|Unknown|Unknown|Gas field|Gas field (CGR 0 Dry gas)|Europe continental|\\N|\\N|Northwest German Offshore , DK|Onshore|Unspecific (Other/Open/Relinquished)|Open acreage|Not shale play|2055|2050|2056|Northwest German|Other Onshore|Land|Land|Land|Land|Royalty/Tax|2101|Northwest German Offshore , DK|Unknown|Unknown|Unknown
238909|60740|\\N|2100|License relinquished|3/16, DK|Central Graben|\\N|Benign|Full year humid, warm summer|Benign|2100|2100|2100|\\N|Steel platform|Fixed|Resources 0-1 MMboe|Resources below 30 MMboe|Other|Other|Europe continental|\\N|\\N|3/16, DK|Offshore|Unspecific (Other/Open/Relinquished)|Relinquished|Not shale play|2100|2100|2100|Central Graben|Offshore shelf|100-200 ft depth|25-50 meter depth|Shelf (to 400 ft)|Shelf (to 125 meter)|Royalty/Tax|\\N|3/16, DK|Conventional|Conventional|Conventional
234859|27344|\\N|2052|Open|Open 2044 Rotliegend -  Northwest German North Sea 1 , DK|Northwest German|\\N|Benign|Full year humid, warm summer|Benign|2040|2045|2045|\\N|Onshore|Onshore|Unknown|Unknown|Gas field|Gas field (CGR 0 Dry gas)|Europe continental|\\N|\\N|Northwest German Offshore , DK|Onshore|Unspecific (Other/Open/Relinquished)|Open acreage|Not shale play|2055|2050|2058|Northwest German|Other Onshore|Land|Land|Land|Land|Royalty/Tax|2101|Northwest German Offshore , DK|Unknown|Unknown|Unknown
280718|27337|\\N|2031|Field|Dan (redevelop), DK|Central Graben|\\N|Benign|Full year humid, warm summer|Benign|1970|1970|1971|\\N|Steel platform|Fixed|Resources 30-100 MMboe|Resources 30-300 MMboe|Oil field|Oil field (Gas-Oil-Ratio 0%)|Europe continental|\\N|\\N|Sole Concession of 1962, DK|Offshore|Major|TotalEnergies|Not shale play|2030|2030|2033|Central Graben|Offshore shelf|100-200 ft depth|25-50 meter depth|Shelf (to 400 ft)|Shelf (to 125 meter)|Royalty/Tax|2055|Dan, DK|Conventional|Conventional|Conventional
32556|27337|\\N|1981|Field|Tyra, DK|Central Graben|\\N|Benign|Full year humid, warm summer|Benign|1960|1965|1968|\\N|Steel platform|Fixed|Resources 300-1000 MMboe|Resources 300-1000 MMboe|Gas-Condensate field|Gas-Condensate field (CGR 20+ bbl/MMcf)|Europe continental|\\N|\\N|Sole Concession of 1962, DK|Offshore|Major|TotalEnergies|Not shale play|1980|1980|1984|Central Graben|Offshore shelf|100-200 ft depth|25-50 meter depth|Shelf (to 400 ft)|Shelf (to 125 meter)|Royalty/Tax|2019|Tyra, DK|Conventional|Conventional|Conventional
32580|27337|\\N|2034|Field|Alma (Alma-1X:5505/17-10), DK|Central Graben|\\N|Benign|Full year humid, warm summer|Benign|1990|1990|1990|\\N|Steel platform|Fixed|Resources 3-10 MMboe|Resources below 30 MMboe|Oil field|Oil field (Sour)|Europe continental|\\N|\\N|Sole Concession of 1962, DK|Offshore|Major|TotalEnergies|Not shale play|2035|2030|2036|Central Graben|Offshore shelf|100-200 ft depth|25-50 meter depth|Shelf (to 400 ft)|Shelf (to 125 meter)|Royalty/Tax|2053|Alma, DK|Conventional|Conventional|Conventional
32582|27325|\\N|2026|Field|Amalie (Amalie-1:5604/26-02), DK|Central Graben|\\N|Benign|Full year humid, warm summer|Benign|1990|1990|1991|\\N|Steel platform|Fixed|Resources 10-30 MMboe|Resources below 30 MMboe|Gas-Condensate field|Gas-Condensate field (CGR 20+ bbl/MMcf)|Europe continental|\\N|\\N|07/86 (Amalie), DK|Offshore|Independent|Wintershall Dea|Not shale play|2025|2020|2028|Sogne|Offshore shelf|200-300 ft depth|50-75 meter depth|Shelf (to 400 ft)|Shelf (to 125 meter)|Royalty/Tax|2050|Amalie, DK|Conventional|Conventional|Conventional
32616|27356|\\N|2100|License relinquished|08/98, DK|Danish Norwegian|\\N|Benign|Full year humid, warm summer|Benign|2100|2100|2100|\\N|Steel platform|Fixed|Resources 0-1 MMboe|Resources below 30 MMboe|Other|Other|Europe continental|\\N|\\N|08/98, DK|Offshore|Unspecific (Other/Open/Relinquished)|Relinquished|Not shale play|2100|2100|2100|Danish Norwegian|Offshore shelf|100-200 ft depth|50-75 meter depth|Shelf (to 400 ft)|Shelf (to 125 meter)|Royalty/Tax|\\N|08/98, DK|Unknown|Unknown|Unknown
32619|27347|\\N|2027|License|6/95 (West Siri), DK|Danish Norwegian|\\N|Benign|Full year humid, warm summer|Benign|2020|2020|2022|\\N|Steel platform|Fixed|Resources 0-1 MMboe|Resources below 30 MMboe|Oil field|Oil field (Gas-Oil-Ratio 80-160%)|Europe continental|\\N|\\N|06/95 (Siri), DK|Offshore|Industrial|Ineos Group|Not shale play|2030|2030|2032|Aasta Graben|Offshore shelf|200-300 ft depth|50-75 meter depth|Shelf (to 400 ft)|Shelf (to 125 meter)|Royalty/Tax|2040|06/95 (West Siri), DK|Conventional|Conventional|Conventional
194791|51831|\\N|2042|License|5603/27, 28 (Gert), DK|Central Graben|\\N|Benign|Full year humid, warm summer|Benign|2020|2020|2023|\\N|Steel platform|Fixed|Resources 3-10 MMboe|Resources below 30 MMboe|Oil field|Oil field (Gas-Oil-Ratio 40-80%)|Europe continental|\\N|\\N|Sole Concession of 1962, DK|Offshore|Major|TotalEnergies|Not shale play|2040|2040|2043|Sogne|Offshore shelf|100-200 ft depth|50-75 meter depth|Shelf (to 400 ft)|Shelf (to 125 meter)|Royalty/Tax|2057|Gert (5603/27, 28), DK|Conventional|Conventional|Conventional
237729|27330|\\N|2023|Field|Hejre (redevelop), DK|Central Graben|\\N|Benign|Full year humid, warm summer|Benign|2000|2000|2001|\\N|Steel platform|Fixed|Resources 100-300 MMboe|Resources 30-300 MMboe|Oil field|Oil field (Sour)|Europe continental|\\N|\\N|05/98 (Hejre), DK|Offshore|Industrial|Ineos Group|Not shale play|2025|2020|2026|Central Graben|Offshore shelf|200-300 ft depth|50-75 meter depth|Shelf (to 400 ft)|Shelf (to 125 meter)|Royalty/Tax|2049|Hejre, DK|Conventional|Conventional|Conventional
32581|27341|\\N|2000|Field|Tyra South East, DK|Central Graben|\\N|Benign|Full year humid, warm summer|Benign|1990|1990|1991|\\N|Steel platform|Fixed|Resources 100-300 MMboe|Resources 30-300 MMboe|Gas-Condensate field|Gas-Condensate field (CGR 20+ bbl/MMcf)|Europe continental|\\N|\\N|Sole Concession of 1962, DK|Offshore|Major|TotalEnergies|Not shale play|2000|2000|2002|Central Graben|Offshore shelf|100-200 ft depth|25-50 meter depth|Shelf (to 400 ft)|Shelf (to 125 meter)|Royalty/Tax|2019|Tyra, DK|Conventional|Conventional|Conventional
32596|27330|\\N|2012|Field|Hejre (Original-abandoned), DK|Central Graben|\\N|Benign|Full year humid, warm summer|Benign|2000|2000|2001|\\N|Steel platform|Fixed|Unknown|Unknown|Oil field|Oil field (Sour)|Europe continental|\\N|\\N|05/98 (Hejre), DK|Offshore|Industrial|Ineos Group|Not shale play|2015|2010|2016|Central Graben|Offshore shelf|200-300 ft depth|50-75 meter depth|Shelf (to 400 ft)|Shelf (to 125 meter)|Royalty/Tax|\\N|Hejre, DK|Unknown|Unknown|Unknown
32621|27322|\\N|2029|License|16/98 (Cecilie), DK|Danish Norwegian|\\N|Benign|Full year humid, warm summer|Benign|2020|2020|2023|\\N|Steel platform|Fixed|Resources 1-3 MMboe|Resources below 30 MMboe|Oil field|Oil field (Gas-Oil-Ratio 40-80%)|Europe continental|\\N|\\N|16/98 (Cecilie), DK|Offshore|Industrial|Ineos Group|Not shale play|2040|2040|2041|Danish Norwegian|Offshore shelf|100-200 ft depth|50-75 meter depth|Shelf (to 400 ft)|Shelf (to 125 meter)|Royalty/Tax|2050|16/98 (Cecilie), DK|Conventional|Conventional|Conventional
32566|27337|\\N|2028|Field|Adda (Adda-1:5504/08-01), DK|Central Graben|\\N|Benign|Full year humid, warm summer|Benign|1970|1975|1977|\\N|Steel platform|Fixed|Resources 30-100 MMboe|Resources 30-300 MMboe|Gas-Condensate field|Gas-Condensate field (CGR 20+ bbl/MMcf)|Europe continental|\\N|\\N|Sole Concession of 1962, DK|Offshore|Major|TotalEnergies|Not shale play|2025|2020|2029|Central Graben|Offshore shelf|100-200 ft depth|25-50 meter depth|Shelf (to 400 ft)|Shelf (to 125 meter)|Royalty/Tax|2052|Adda, DK|Conventional|Conventional|Conventional
32636|27331|\\N|2100|License relinquished|03/06, DK|Central Graben|\\N|Benign|Full year humid, warm summer|Benign|2100|2100|2100|\\N|Steel platform|Fixed|Resources 0-1 MMboe|Resources below 30 MMboe|Other|Other|Europe continental|\\N|\\N|03/06, DK|Offshore|Unspecific (Other/Open/Relinquished)|Relinquished|Not shale play|2100|2100|2100|Central Graben|Offshore shelf|100-200 ft depth|50-75 meter depth|Shelf (to 400 ft)|Shelf (to 125 meter)|Royalty/Tax|\\N|03/06, DK|Unknown|Unknown|Unknown
32642|27325|\\N|2100|License relinquished|07/86 (Amalie), DK|Central Graben|\\N|Benign|Full year humid, warm summer|Benign|2100|2100|2100|\\N|Steel platform|Fixed|Resources 0-1 MMboe|Resources below 30 MMboe|Other|Other|Europe continental|\\N|\\N|07/86 (Amalie), DK|Offshore|Unspecific (Other/Open/Relinquished)|Relinquished|Not shale play|2100|2100|2100|Sogne|Offshore shelf|200-300 ft depth|50-75 meter depth|Shelf (to 400 ft)|Shelf (to 125 meter)|Royalty/Tax|\\N|07/86 (Amalie), DK|Conventional|Conventional|Conventional
105465|38393|\\N|2100|License relinquished|01/08, DK|Northwest German|\\N|Benign|Full year humid, warm summer|Benign|2100|2100|2100|\\N|Steel platform|Fixed|Resources 0-1 MMboe|Resources below 30 MMboe|Other|Other|Europe continental|\\N|\\N|01/08, DK|Offshore|Unspecific (Other/Open/Relinquished)|Relinquished|Not shale play|2100|2100|2100|Northwest German|Offshore shelf|0-100 ft depth|0-25 meter depth|Shelf (to 400 ft)|Shelf (to 125 meter)|Royalty/Tax|\\N|Danica Resources Project, DK|Conventional|Conventional|Conventional
204424|55132|\\N|2100|License Relinquished|01/35, DK|Norwegian - Danish|\\N|Benign|Full year humid, warm summer|Benign|2100|2100|2100|\\N|Onshore|Onshore|Resources 0-1 MMboe|Resources below 30 MMboe|Other|Other|Local market|\\N|\\N|01/35, DK|Onshore|Unspecific (Other/Open/Relinquished)|Relinquished|Not shale play|2100|2100|2100|Norwegian - Danish|Other Onshore|Land|Land|Land|Land|Royalty/Tax|\\N|01/35, DK|Unknown|Unknown|Unknown
204432|55140|\\N|2100|License Relinquished|07/84, DK|Danish Norwegian|\\N|Benign|Full year humid, warm summer|Benign|2100|2100|2100|\\N|Onshore|Onshore|Resources 0-1 MMboe|Resources below 30 MMboe|Other|Other|Local market|\\N|\\N|07/84, DK|Onshore|Unspecific (Other/Open/Relinquished)|Relinquished|Not shale play|2100|2100|2100|Danish Norwegian|Other Onshore|Land|Land|Land|Land|Royalty/Tax|\\N|07/84, DK|Unknown|Unknown|Unknown
204453|55161|\\N|2100|License Relinquished|04/97, DK|Norwegian - Danish|\\N|Benign|Full year humid, warm summer|Benign|2100|2100|2100|\\N|Steel platform|Fixed|Resources 0-1 MMboe|Resources below 30 MMboe|Other|Other|Local market|\\N|\\N|04/97, DK|Offshore|Unspecific (Other/Open/Relinquished)|Relinquished|Not shale play|2100|2100|2100|Norwegian - Danish|Offshore shelf|0-100 ft depth|0-25 meter depth|Shelf (to 400 ft)|Shelf (to 125 meter)|Royalty/Tax|\\N|04/97, DK|Unknown|Unknown|Unknown
238910|60741|\\N|2025|License|4/16, DK|Central Graben|\\N|Benign|Full year humid, warm summer|Benign|2020|2025|2025|\\N|Steel platform|Fixed|Resources 1-3 MMboe|Resources below 30 MMboe|Oil field|Oil field (Gas-Oil-Ratio 40-80%)|Europe continental|\\N|\\N|4/16, DK|Offshore|INOC|KNOC/Dana|Not shale play|2045|2040|2045|Central Graben|Offshore shelf|100-200 ft depth|25-50 meter depth|Shelf (to 400 ft)|Shelf (to 125 meter)|Royalty/Tax|2056|4/16, DK|Conventional|Conventional|Conventional
238912|60743|\\N|2100|License relinquished|6/16, DK|Central Graben|\\N|Benign|Full year humid, warm summer|Benign|2100|2100|2100|\\N|Steel platform|Fixed|Resources 10-30 MMboe|Resources below 30 MMboe|Other|Other|Europe continental|\\N|\\N|6/16, DK|Offshore|Unspecific (Other/Open/Relinquished)|Relinquished|Not shale play|2100|2100|2100|Central Graben|Offshore shelf|100-200 ft depth|50-75 meter depth|Shelf (to 400 ft)|Shelf (to 125 meter)|Royalty/Tax|2061|6/16, DK|Conventional|Conventional|Conventional
32598|27351|\\N|2025|Field|Sofie, DK|Danish Norwegian|\\N|Benign|Full year humid, warm summer|Benign|2000|2000|2003|\\N|Subsea tie back|Subsea tie back|Resources 0-1 MMboe|Resources below 30 MMboe|Oil field|Oil field (Gas-Oil-Ratio 01-05%)|Europe continental|\\N|\\N|06/95 (Sofie), DK|Offshore|Industrial|Ineos Group|Not shale play|2025|2020|2026|Aasta Graben|Offshore shelf|100-200 ft depth|50-75 meter depth|Shelf (to 400 ft)|Shelf (to 125 meter)|Royalty/Tax|2033|Sofie, DK|Conventional|Conventional|Conventional
32604|27341|\\N|2023|Field|Bo South (Bo-3X), DK|Central Graben|\\N|Benign|Full year humid, warm summer|Benign|2000|2005|2008|\\N|Extended reach|Fixed|Resources 30-100 MMboe|Resources 30-300 MMboe|Oil field|Oil field (Sour)|Europe continental|\\N|\\N|Tyra South East, DK|Offshore|Major|TotalEnergies|Not shale play|2025|2020|2025|Central Graben|Offshore shelf|100-200 ft depth|25-50 meter depth|Shelf (to 400 ft)|Shelf (to 125 meter)|Royalty/Tax|2039|Bo South (Bo-3X), DK|Conventional|Conventional|Conventional
108690|39817|\\N|2100|License relinquished|02/10, DK|Skagerrak - Kattegat|\\N|Benign|Full year humid, warm summer|Benign|2100|2100|2100|\\N|Onshore|Onshore|Resources 0-1 MMboe|Resources below 30 MMboe|Other|Other|Europe continental|\\N|\\N|02/10, DK|Onshore|Unspecific (Other/Open/Relinquished)|Relinquished|Alum Shale, DK|2100|2100|2100|Skagerrak - Kattegat|Shale/Tight oil|Land|Land|Land|Land|Royalty/Tax|\\N|Alum Shale, DK|Unconventional gas|Shale gas plays|Unconventional
280717|27337|\\N|2032|Field|Gorm (redevelop), DK|Central Graben|\\N|Benign|Full year humid, warm summer|Benign|1970|1970|1971|\\N|Steel platform|Fixed|Resources 3-10 MMboe|Resources below 30 MMboe|Oil field|Oil field (Gas-Oil-Ratio 0%)|Europe continental|\\N|\\N|Sole Concession of 1962, DK|Offshore|Major|TotalEnergies|Not shale play|2030|2030|2034|Central Graben|Offshore shelf|100-200 ft depth|25-50 meter depth|Shelf (to 400 ft)|Shelf (to 125 meter)|Royalty/Tax|2047|Gorm, DK|Conventional|Conventional|Conventional
10000101|34624|\\N|\\N|Cost|Other Partners_Denmark_(0-25 meter depth), DK|Unknown|\\N|Unknown|Unknown|Unknown|\\N|\\N|\\N|\\N|N/A|N/A|Unknown|Unknown|Other|Other|Local market|\\N|\\N|Other Partners_Denmark_(0-25 meter depth), DK|Offshore|Unspecific (Other/Open/Relinquished)|Other partner(s)|Not shale play|\\N|\\N|\\N|Unknown|Offshore shelf|Unknown|0-25 meter depth|Unknown|Shelf (to 125 meter)|Unknown|\\N|Unknown|\\N|\\N|\\N
32628|27304|\\N|2100|License relinquished|07/95, DK|Central Graben|\\N|Benign|Full year humid, warm summer|Benign|2100|2100|2100|\\N|Steel platform|Fixed|Resources 0-1 MMboe|Resources below 30 MMboe|Other|Other|Europe continental|\\N|\\N|07/95, DK|Offshore|Unspecific (Other/Open/Relinquished)|Relinquished|Not shale play|2100|2100|2100|Central Graben|Offshore shelf|100-200 ft depth|25-50 meter depth|Shelf (to 400 ft)|Shelf (to 125 meter)|Royalty/Tax|\\N|07/95, DK|Unknown|Unknown|Unknown
32638|27353|\\N|2032|License|4/95 (Nini), DK|Danish Norwegian|\\N|Benign|Full year humid, warm summer|Benign|2030|2030|2032|\\N|Steel platform|Fixed|Resources 3-10 MMboe|Resources below 30 MMboe|Oil field|Oil field (Gas-Oil-Ratio 40-80%)|Europe continental|\\N|\\N|04/95 (Nini), DK|Offshore|Industrial|Ineos Group|Not shale play|2045|2040|2045|Danish Norwegian|Offshore shelf|100-200 ft depth|50-75 meter depth|Shelf (to 400 ft)|Shelf (to 125 meter)|Royalty/Tax|2058|04/95 (Nini), DK|Conventional|Conventional|Conventional
32646|27313|\\N|2100|License relinquished|04/06a (Northeastern), DK|Central Graben|\\N|Benign|Full year humid, warm summer|Benign|2100|2100|2100|\\N|Steel platform|Fixed|Resources 0-1 MMboe|Resources below 30 MMboe|Other|Other|Europe continental|\\N|\\N|04/06a (Northeastern), DK|Offshore|Unspecific (Other/Open/Relinquished)|Relinquished|Not shale play|2100|2100|2100|Central Graben|Offshore shelf|100-200 ft depth|50-75 meter depth|Shelf (to 400 ft)|Shelf (to 125 meter)|Royalty/Tax|\\N|04/06a (Northeastern), DK|Conventional|Conventional|Conventional
194789|51829|\\N|2030|License|8/06 Area B, DK|Central Graben|\\N|Benign|Full year humid, warm summer|Benign|2020|2020|2023|\\N|Steel platform|Fixed|Resources 10-30 MMboe|Resources below 30 MMboe|Oil field|Oil field (Gas-Oil-Ratio 40-80%)|Europe continental|\\N|\\N|8/06 Area B, DK|Offshore|Major|TotalEnergies|Not shale play|2035|2030|2035|Central Graben|Offshore shelf|100-200 ft depth|25-50 meter depth|Shelf (to 400 ft)|Shelf (to 125 meter)|Royalty/Tax|2053|8/06 Area B, DK|Conventional|Conventional|Conventional
194787|51827|\\N|2100|License relinquished|01/12, DK|Danish Norwegian|\\N|Benign|Full year humid, warm summer|Benign|2100|2100|2100|\\N|Steel platform|Fixed|Resources 0-1 MMboe|Resources below 30 MMboe|Other|Other|Europe continental|\\N|\\N|01/12, DK|Offshore|Unspecific (Other/Open/Relinquished)|Relinquished|Not shale play|2100|2100|2100|Danish Norwegian|Offshore shelf|100-200 ft depth|50-75 meter depth|Shelf (to 400 ft)|Shelf (to 125 meter)|Royalty/Tax|\\N|01/12, DK|Conventional|Conventional|Conventional
10000105|34624|\\N|\\N|Cost|Other Partners_Denmark_(Land), DK|Unknown|\\N|Unknown|Unknown|Unknown|\\N|\\N|\\N|\\N|Onshore|Onshore|Unknown|Unknown|Other|Other|Local market|\\N|\\N|Other Partners_Denmark_(Land), DK|Onshore|Unspecific (Other/Open/Relinquished)|Other partner(s)|Not shale play|\\N|\\N|\\N|Unknown|Other Onshore|Unknown|Land|Unknown|Land|Unknown|\\N|Unknown|\\N|\\N|\\N
238908|60739|\\N|2025|License|2/16, DK|Central Graben|\\N|Benign|Full year humid, warm summer|Benign|2020|2020|2023|\\N|Steel platform|Fixed|Resources 3-10 MMboe|Resources below 30 MMboe|Oil field|Oil field (Gas-Oil-Ratio 40-80%)|Europe continental|\\N|\\N|2/16, DK|Offshore|Independent|Wintershall Dea|Not shale play|2030|2030|2031|Central Graben|Offshore shelf|100-200 ft depth|50-75 meter depth|Shelf (to 400 ft)|Shelf (to 125 meter)|Royalty/Tax|2047|2/16, DK|Conventional|Conventional|Conventional
204445|55153|\\N|2100|License Relinquished|01/89, DK|Central Graben|\\N|Benign|Full year humid, warm summer|Benign|2100|2100|2100|\\N|Steel platform|Fixed|Resources 0-1 MMboe|Resources below 30 MMboe|Other|Other|Local market|\\N|\\N|01/89, DK|Offshore|Unspecific (Other/Open/Relinquished)|Relinquished|Not shale play|2100|2100|2100|Central Graben|Offshore shelf|100-200 ft depth|25-50 meter depth|Shelf (to 400 ft)|Shelf (to 125 meter)|Royalty/Tax|\\N|01/89, DK|Unknown|Unknown|Unknown
194788|51827|\\N|2100|License relinquished|01/13, DK|Danish Norwegian|\\N|Benign|Full year humid, warm summer|Benign|2100|2100|2100|\\N|Steel platform|Fixed|Resources 0-1 MMboe|Resources below 30 MMboe|Other|Other|Europe continental|\\N|\\N|01/12, DK|Offshore|Unspecific (Other/Open/Relinquished)|Relinquished|Not shale play|2100|2100|2100|Danish Norwegian|Offshore shelf|100-200 ft depth|50-75 meter depth|Shelf (to 400 ft)|Shelf (to 125 meter)|Royalty/Tax|\\N|01/13, DK|Conventional|Conventional|Conventional
204430|55138|\\N|2100|License Relinquished|04/84, DK|Skagerrak - Kattegat|\\N|Benign|Full year humid, warm summer|Benign|2100|2100|2100|\\N|Steel platform|Fixed|Resources 0-1 MMboe|Resources below 30 MMboe|Other|Other|Local market|\\N|\\N|04/84, DK|Offshore|Unspecific (Other/Open/Relinquished)|Relinquished|Not shale play|2100|2100|2100|Skagerrak - Kattegat|Offshore shelf|0-100 ft depth|0-25 meter depth|Shelf (to 400 ft)|Shelf (to 125 meter)|Royalty/Tax|\\N|04/84, DK|Unknown|Unknown|Unknown
10000102|34624|\\N|\\N|Cost|Other Partners_Denmark_(25-50 meter depth), DK|Unknown|\\N|Unknown|Unknown|Unknown|\\N|\\N|\\N|\\N|N/A|N/A|Unknown|Unknown|Other|Other|Local market|\\N|\\N|Other Partners_Denmark_(25-50 meter depth), DK|Offshore|Unspecific (Other/Open/Relinquished)|Other partner(s)|Not shale play|\\N|\\N|\\N|Unknown|Offshore shelf|Unknown|25-50 meter depth|Unknown|Shelf (to 125 meter)|Unknown|\\N|Unknown|\\N|\\N|\\N
204442|55150|\\N|2100|License Relinquished|01/86, DK|Central Graben|\\N|Benign|Full year humid, warm summer|Benign|2100|2100|2100|\\N|Steel platform|Fixed|Resources 0-1 MMboe|Resources below 30 MMboe|Other|Other|Local market|\\N|\\N|01/86, DK|Offshore|Unspecific (Other/Open/Relinquished)|Relinquished|Not shale play|2100|2100|2100|Central Graben|Offshore shelf|100-200 ft depth|50-75 meter depth|Shelf (to 400 ft)|Shelf (to 125 meter)|Royalty/Tax|\\N|01/86, DK|Unknown|Unknown|Unknown
32558|27337|\\N|1994|Field|Roar, DK|Central Graben|\\N|Benign|Full year humid, warm summer|Benign|1960|1965|1969|\\N|Steel platform|Fixed|Resources 100-300 MMboe|Resources 30-300 MMboe|Gas-Condensate field|Gas-Condensate field (CGR 20+ bbl/MMcf)|Europe continental|\\N|\\N|Sole Concession of 1962, DK|Offshore|Major|TotalEnergies|Not shale play|1995|1990|1996|Central Graben|Offshore shelf|100-200 ft depth|25-50 meter depth|Shelf (to 400 ft)|Shelf (to 125 meter)|Royalty/Tax|2033|Tyra, DK|Conventional|Conventional|Conventional
32567|27337|\\N|1991|Field|Valdemar, DK|Central Graben|\\N|Benign|Full year humid, warm summer|Benign|1970|1975|1977|\\N|Steel platform|Fixed|Resources 100-300 MMboe|Resources 30-300 MMboe|Oil field|Oil field (Gas-Oil-Ratio 40-80%)|Europe continental|\\N|\\N|Sole Concession of 1962, DK|Offshore|Major|TotalEnergies|Not shale play|1990|1990|1993|Central Graben|Offshore shelf|100-200 ft depth|25-50 meter depth|Shelf (to 400 ft)|Shelf (to 125 meter)|Royalty/Tax|2037|Tyra, DK|Conventional|Conventional|Conventional
32572|27314|\\N|1985|Field|Rolf, DK|Central Graben|\\N|Benign|Full year humid, warm summer|Benign|1980|1980|1981|\\N|Steel platform|Fixed|Resources 30-100 MMboe|Resources 30-300 MMboe|Oil field|Oil field (Gas-Oil-Ratio 01-05%)|Europe continental|\\N|\\N|Sole Concession of 1962, DK|Offshore|Major|TotalEnergies|Not shale play|1985|1980|1986|Central Graben|Offshore shelf|100-200 ft depth|25-50 meter depth|Shelf (to 400 ft)|Shelf (to 125 meter)|Royalty/Tax|2029|Gorm, DK|Conventional|Conventional|Conventional
32609|27345|\\N|2100|License relinquished|05/99, DK|Central Graben|\\N|Benign|Full year humid, warm summer|Benign|2100|2100|2100|\\N|Steel platform|Fixed|Resources 0-1 MMboe|Resources below 30 MMboe|Other|Other|Europe continental|\\N|\\N|05/99, DK|Offshore|Unspecific (Other/Open/Relinquished)|Relinquished|Not shale play|2100|2100|2100|Central Graben|Offshore shelf|100-200 ft depth|25-50 meter depth|Shelf (to 400 ft)|Shelf (to 125 meter)|Royalty/Tax|\\N|05/99, DK|Unknown|Unknown|Unknown
32631|27312|\\N|2100|License relinquished|11/06, DK|Central Graben|\\N|Benign|Full year humid, warm summer|Benign|2100|2100|2100|\\N|Steel platform|Fixed|Resources 0-1 MMboe|Resources below 30 MMboe|Other|Other|Europe continental|\\N|\\N|11/06, DK|Offshore|Unspecific (Other/Open/Relinquished)|Relinquished|Not shale play|2100|2100|2100|Central Graben|Offshore shelf|100-200 ft depth|50-75 meter depth|Shelf (to 400 ft)|Shelf (to 125 meter)|Royalty/Tax|\\N|11/06, DK|Unknown|Unknown|Unknown
32643|27362|\\N|2100|License relinquished|12/98, DK|Central Graben|\\N|Benign|Full year humid, warm summer|Benign|2100|2100|2100|\\N|Steel platform|Fixed|Resources 0-1 MMboe|Resources below 30 MMboe|Other|Other|Europe continental|\\N|\\N|12/98, DK|Offshore|Unspecific (Other/Open/Relinquished)|Relinquished|Not shale play|2100|2100|2100|Central Graben|Offshore shelf|100-200 ft depth|25-50 meter depth|Shelf (to 400 ft)|Shelf (to 125 meter)|Royalty/Tax|\\N|12/98, DK|Unknown|Unknown|Unknown
32597|27328|\\N|2030|Field|Svane 1A (Svane-1:560426-04), DK|Central Graben|\\N|Benign|Full year humid, warm summer|Benign|2000|2000|2002|\\N|Other offshore|Fixed|Resources 30-100 MMboe|Resources 30-300 MMboe|Gas-Condensate field|Gas-Condensate field (CGR 20+ bbl/MMcf)|Europe continental|\\N|\\N|04/98 (Svane 1A), DK|Offshore|Unspecific (Other/Open/Relinquished)|Relinquished|Not shale play|2035|2030|2035|Central Graben|Offshore shelf|200-300 ft depth|50-75 meter depth|Shelf (to 400 ft)|Shelf (to 125 meter)|Royalty/Tax|2057|Svane 1A, DK|Conventional|Conventional|Conventional
32626|27321|\\N|2100|License relinquished|8/06, area A, DK|Central Graben|\\N|Benign|Full year humid, warm summer|Benign|2100|2100|2100|\\N|Steel platform|Fixed|Resources 0-1 MMboe|Resources below 30 MMboe|Other|Other|Europe continental|\\N|\\N|08/06, DK|Offshore|Unspecific (Other/Open/Relinquished)|Relinquished|Not shale play|2100|2100|2100|Central Graben|Offshore shelf|100-200 ft depth|50-75 meter depth|Shelf (to 400 ft)|Shelf (to 125 meter)|Royalty/Tax|\\N|08/06, DK|Conventional|Conventional|Conventional
32634|27339|\\N|2100|License relinquished|01/05, DK|Norwegian - Danish|\\N|Benign|Full year humid, warm summer|Benign|2100|2100|2100|\\N|Onshore|Onshore|Resources 0-1 MMboe|Resources below 30 MMboe|Other|Other|Europe continental|\\N|\\N|01/05, DK|Onshore|Unspecific (Other/Open/Relinquished)|Relinquished|Not shale play|2100|2100|2100|Norwegian - Danish|Other Onshore|Land|Land|Land|Land|Royalty/Tax|\\N|01/05, DK|Conventional|Conventional|Conventional
32644|27333|\\N|2100|License relinquished|Syd Tor Pod (02/06), DK|Central Graben|\\N|Benign|Full year humid, warm summer|Benign|2100|2100|2100|\\N|Steel platform|Fixed|Resources 0-1 MMboe|Resources below 30 MMboe|Other|Other|Europe continental|\\N|\\N|02/06, DK|Offshore|Unspecific (Other/Open/Relinquished)|Relinquished|Not shale play|2100|2100|2100|Central Graben|Offshore shelf|100-200 ft depth|50-75 meter depth|Shelf (to 400 ft)|Shelf (to 125 meter)|Royalty/Tax|\\N|Syd Tor Pod (02/06), DK|Conventional|Conventional|Conventional
89094|27336|\\N|1984|Industry|Refinery gains, DK|Norwegian - Danish|\\N|Benign|Full year humid, warm summer|Benign|1980|1980|1983|\\N|Onshore|Onshore|Unknown|Unknown|Other|Other|Europe continental|\\N|\\N|\\N|Onshore|Unspecific (Other/Open/Relinquished)|Refinery Gains|Not shale play|1985|1980|1985|Norwegian - Danish|Other Onshore|Land|Land|Land|Land|Royalty/Tax|2100|Refinery gains, DK|Other Liquids|Other Liquids|Other Liquids
204435|55143|\\N|2100|License Relinquished|08/86, DK|Soregnefrei-Tornquist Fault Complex|\\N|Benign|Full year humid, warm summer|Benign|2100|2100|2100|\\N|Steel platform|Fixed|Resources 0-1 MMboe|Resources below 30 MMboe|Other|Other|Local market|\\N|\\N|08/86, DK|Offshore|Unspecific (Other/Open/Relinquished)|Relinquished|Not shale play|2100|2100|2100|Soregnefrei-Tornquist Fault Complex|Offshore shelf|200-300 ft depth|75-100 meter depth|Shelf (to 400 ft)|Shelf (to 125 meter)|Royalty/Tax|\\N|08/86, DK|Unknown|Unknown|Unknown
32649|27317|\\N|2046|License|1/06, DK|Central Graben|\\N|Benign|Full year humid, warm summer|Benign|2040|2040|2040|\\N|Steel platform|Fixed|Resources 1-3 MMboe|Resources below 30 MMboe|Oil field|Oil field (Sour)|Europe continental|\\N|\\N|01/06, DK|Offshore|Industrial|Ineos Group|Not shale play|2050|2050|2052|Central Graben|Offshore shelf|100-200 ft depth|50-75 meter depth|Shelf (to 400 ft)|Shelf (to 125 meter)|Royalty/Tax|2063|01/06, DK|Conventional|Conventional|Conventional
32623|27326|\\N|2026|License|5/06, DK|Central Graben|\\N|Benign|Full year humid, warm summer|Benign|2020|2020|2023|\\N|Steel platform|Fixed|Resources 3-10 MMboe|Resources below 30 MMboe|Oil field|Oil field (Sour)|Europe continental|\\N|\\N|5/06, DK|Offshore|Independent|Wintershall Dea|Not shale play|2040|2040|2041|Central Graben|Offshore shelf|100-200 ft depth|50-75 meter depth|Shelf (to 400 ft)|Shelf (to 125 meter)|Royalty/Tax|2057|05/06, DK|Conventional|Conventional|Conventional
32635|27309|\\N|2100|License relinquished|15/98, DK|Central Graben|\\N|Benign|Full year humid, warm summer|Benign|2100|2100|2100|\\N|Steel platform|Fixed|Resources 0-1 MMboe|Resources below 30 MMboe|Other|Other|Europe continental|\\N|\\N|15/98, DK|Offshore|Unspecific (Other/Open/Relinquished)|Relinquished|Not shale play|2100|2100|2100|Central Graben|Offshore shelf|200-300 ft depth|50-75 meter depth|Shelf (to 400 ft)|Shelf (to 125 meter)|Royalty/Tax|\\N|15/98, DK|Unknown|Unknown|Unknown
97385|27308|\\N|2031|Field|Gita (Gita-1X:5604/22-05), DK|Danish Norwegian|\\N|Benign|Full year humid, warm summer|Benign|2000|2005|2009|\\N|Steel platform|Fixed|Resources 3-10 MMboe|Resources below 30 MMboe|Gas-Condensate field|Gas-Condensate field (CGR 20+ bbl/MMcf)|Europe continental|\\N|\\N|09/95, DK|Offshore|Unspecific (Other/Open/Relinquished)|Relinquished|Not shale play|2030|2030|2033|Aasta Graben|Offshore shelf|100-200 ft depth|25-50 meter depth|Shelf (to 400 ft)|Shelf (to 125 meter)|Royalty/Tax|2055|Gita, DK|Conventional|Conventional|Conventional
105469|38391|\\N|2100|License relinquished|02/09, DK|Danish Norwegian|\\N|Benign|Full year humid, warm summer|Benign|2100|2100|2100|\\N|Onshore|Onshore|Resources 0-1 MMboe|Resources below 30 MMboe|Other|Other|Europe continental|\\N|\\N|02/09, DK|Onshore|Unspecific (Other/Open/Relinquished)|Relinquished|Not shale play|2100|2100|2100|Danish Norwegian|Other Onshore|Land|Land|Land|Land|Royalty/Tax|\\N|Danica Jutland Project, DK|Conventional|Conventional|Conventional
204427|55135|\\N|2100|License Relinquished|08/84, DK|Central Graben|\\N|Benign|Full year humid, warm summer|Benign|2100|2100|2100|\\N|Steel platform|Fixed|Resources 0-1 MMboe|Resources below 30 MMboe|Other|Other|Local market|\\N|\\N|08/84, DK|Offshore|Unspecific (Other/Open/Relinquished)|Relinquished|Not shale play|2100|2100|2100|Central Graben|Offshore shelf|100-200 ft depth|50-75 meter depth|Shelf (to 400 ft)|Shelf (to 125 meter)|Royalty/Tax|\\N|08/84, DK|Unknown|Unknown|Unknown
204450|55158|\\N|2100|License Relinquished|03/95, DK|Danish Norwegian|\\N|Benign|Full year humid, warm summer|Benign|2100|2100|2100|\\N|Steel platform|Fixed|Resources 0-1 MMboe|Resources below 30 MMboe|Other|Other|Local market|\\N|\\N|03/95, DK|Offshore|Unspecific (Other/Open/Relinquished)|Relinquished|Not shale play|2100|2100|2100|Danish Norwegian|Offshore shelf|100-200 ft depth|50-75 meter depth|Shelf (to 400 ft)|Shelf (to 125 meter)|Royalty/Tax|\\N|03/95, DK|Unknown|Unknown|Unknown
32629|27354|\\N|2100|License relinquished|01/04, DK|Danish Norwegian|\\N|Benign|Full year humid, warm summer|Benign|2100|2100|2100|\\N|Steel platform|Fixed|Resources 0-1 MMboe|Resources below 30 MMboe|Other|Other|Europe continental|\\N|\\N|01/04, DK|Offshore|Unspecific (Other/Open/Relinquished)|Relinquished|Not shale play|2100|2100|2100|Danish Norwegian|Offshore shelf|100-200 ft depth|50-75 meter depth|Shelf (to 400 ft)|Shelf (to 125 meter)|Royalty/Tax|\\N|01/04, DK|Unknown|Unknown|Unknown
32640|27328|\\N|2100|License|04/98 (Solsort field delineation), DK|Central Graben|\\N|Benign|Full year humid, warm summer|Benign|2100|2100|2100|\\N|Steel platform|Fixed|Resources 1-3 MMboe|Resources below 30 MMboe|Oil field|Oil field (Sour)|Europe continental|\\N|\\N|04/98 (Svane 1A), DK|Offshore|Industrial|Ineos Group|Not shale play|2100|2100|2100|Central Graben|Offshore shelf|200-300 ft depth|50-75 meter depth|Shelf (to 400 ft)|Shelf (to 125 meter)|Royalty/Tax|2101|04/98 (Svane 1A), DK|Conventional|Conventional|Conventional
238907|60738|\\N|2100|license relinquished|1/16, DK|Central Graben|\\N|Benign|Full year humid, warm summer|Benign|2100|2100|2100|\\N|Steel platform|Fixed|Resources 0-1 MMboe|Resources below 30 MMboe|Other|Other|Europe continental|\\N|\\N|1/16, DK|Offshore|Unspecific (Other/Open/Relinquished)|Relinquished|Not shale play|2100|2100|2100|Central Graben|Offshore shelf|100-200 ft depth|25-50 meter depth|Shelf (to 400 ft)|Shelf (to 125 meter)|Royalty/Tax|\\N|1/16, DK|Conventional|Conventional|Conventional
238913|60744|\\N|2100|License relinquished|8/16, DK|Central Graben|\\N|Benign|Full year humid, warm summer|Benign|2100|2100|2100|\\N|Steel platform|Fixed|Resources 0-1 MMboe|Resources below 30 MMboe|Other|Other|Europe continental|\\N|\\N|8/16, DK|Offshore|Unspecific (Other/Open/Relinquished)|Relinquished|Not shale play|2100|2100|2100|Central Graben|Offshore shelf|100-200 ft depth|50-75 meter depth|Shelf (to 400 ft)|Shelf (to 125 meter)|Royalty/Tax|\\N|8/16, DK|Conventional|Conventional|Conventional
204439|55147|\\N|2100|License Relinquished|05/86, DK|Mid-Polish Trough|\\N|Benign|Full year humid, warm summer|Benign|2100|2100|2100|\\N|Steel platform|Fixed|Resources 0-1 MMboe|Resources below 30 MMboe|Other|Other|Local market|\\N|\\N|05/86, DK|Offshore|Unspecific (Other/Open/Relinquished)|Relinquished|Not shale play|2100|2100|2100|Mid-Polish Trough|Offshore shelf|100-200 ft depth|25-50 meter depth|Shelf (to 400 ft)|Shelf (to 125 meter)|Royalty/Tax|\\N|05/86, DK|Unknown|Unknown|Unknown
207128|55608|\\N|2100|License relinquished|01/14, DK|Northwest German|\\N|Benign|Full year humid, warm summer|Benign|2100|2100|2100|\\N|Onshore|Onshore|Resources 0-1 MMboe|Resources below 30 MMboe|Other|Other|Europe continental|\\N|\\N|01/14, DK|Onshore|Unspecific (Other/Open/Relinquished)|Relinquished|Not shale play|2100|2100|2100|Northwest German|Other Onshore|Land|Land|Land|Land|Royalty/Tax|\\N|01/14, DK|Conventional|Conventional|Conventional
32614|27337|\\N|2042|License|Contiguous Area (Dan), DK|Central Graben|\\N|Benign|Full year humid, warm summer|Benign|2020|2020|2023|\\N|Steel platform|Fixed|Resources 3-10 MMboe|Resources below 30 MMboe|Oil field|Oil field (Sour)|Europe continental|\\N|\\N|Sole Concession of 1962, DK|Offshore|Major|TotalEnergies|Not shale play|2040|2040|2043|Central Graben|Offshore shelf|100-200 ft depth|25-50 meter depth|Shelf (to 400 ft)|Shelf (to 125 meter)|Royalty/Tax|2057|Dan, DK|Conventional|Conventional|Conventional
10000104|34624|\\N|\\N|Cost|Other Partners_Denmark_(75-100 meter depth), DK|Unknown|\\N|Unknown|Unknown|Unknown|\\N|\\N|\\N|\\N|N/A|N/A|Unknown|Unknown|Other|Other|Local market|\\N|\\N|Other Partners_Denmark_(75-100 meter depth), DK|Offshore|Unspecific (Other/Open/Relinquished)|Other partner(s)|Not shale play|\\N|\\N|\\N|Unknown|Offshore shelf|Unknown|75-100 meter depth|Unknown|Shelf (to 125 meter)|Unknown|\\N|Unknown|\\N|\\N|\\N
105982|27321|\\N|2027|Field|Luke (Luke1X:5504/06-06), DK|Central Graben|\\N|Benign|Full year humid, warm summer|Benign|2010|2010|2010|\\N|Steel platform|Fixed|Resources 10-30 MMboe|Resources below 30 MMboe|Gas-Condensate field|Gas-Condensate field (CGR 20+ bbl/MMcf)|Europe continental|\\N|\\N|08/06, DK|Offshore|Unspecific (Other/Open/Relinquished)|Relinquished|Not shale play|2030|2030|2030|Central Graben|Offshore shelf|100-200 ft depth|25-50 meter depth|Shelf (to 400 ft)|Shelf (to 125 meter)|Royalty/Tax|2052|Luke, DK|Conventional|Conventional|Conventional
204437|55145|\\N|2100|License Relinquished|09/86, DK|Northwest German|\\N|Benign|Full year humid, warm summer|Benign|2100|2100|2100|\\N|Onshore|Onshore|Resources 0-1 MMboe|Resources below 30 MMboe|Other|Other|Local market|\\N|\\N|09/86, DK|Onshore|Unspecific (Other/Open/Relinquished)|Relinquished|Not shale play|2100|2100|2100|Northwest German|Other Onshore|Land|Land|Land|Land|Royalty/Tax|\\N|09/86, DK|Unknown|Unknown|Unknown
204451|55159|\\N|2100|License Relinquished|02/90, DK|Danish Norwegian|\\N|Benign|Full year humid, warm summer|Benign|2100|2100|2100|\\N|Steel platform|Fixed|Resources 0-1 MMboe|Resources below 30 MMboe|Other|Other|Local market|\\N|\\N|02/90, DK|Offshore|Unspecific (Other/Open/Relinquished)|Relinquished|Not shale play|2100|2100|2100|Danish Norwegian|Offshore shelf|100-200 ft depth|50-75 meter depth|Shelf (to 400 ft)|Shelf (to 125 meter)|Royalty/Tax|\\N|02/90, DK|Unknown|Unknown|Unknown
238911|60742|\\N|2100|License relinquished|5/16, DK|Central Graben|\\N|Benign|Full year humid, warm summer|Benign|2100|2100|2100|\\N|Steel platform|Fixed|Resources 0-1 MMboe|Resources below 30 MMboe|Other|Other|Europe continental|\\N|\\N|5/16, DK|Offshore|Unspecific (Other/Open/Relinquished)|Relinquished|Not shale play|2100|2100|2100|Central Graben|Offshore shelf|100-200 ft depth|25-50 meter depth|Shelf (to 400 ft)|Shelf (to 125 meter)|Royalty/Tax|\\N|5/16, DK|Conventional|Conventional|Conventional
204455|55163|\\N|2100|License Relinquished|08/06, DK|Central Graben|\\N|Benign|Full year humid, warm summer|Benign|2100|2100|2100|\\N|Steel platform|Fixed|Resources 0-1 MMboe|Resources below 30 MMboe|Other|Other|Local market|\\N|\\N|08/06, DK|Offshore|Unspecific (Other/Open/Relinquished)|Relinquished|Not shale play|2100|2100|2100|Central Graben|Offshore shelf|100-200 ft depth|25-50 meter depth|Shelf (to 400 ft)|Shelf (to 125 meter)|Royalty/Tax|\\N|08/06, DK|Unknown|Unknown|Unknown
238710|60677|\\N|2100|License relinquished|7/16, DK|Central Graben|\\N|Benign|Full year humid, warm summer|Benign|2100|2100|2100|\\N|Steel platform|Fixed|Resources 0-1 MMboe|Resources below 30 MMboe|Other|Other|Europe continental|\\N|\\N|7/16, DK|Offshore|Unspecific (Other/Open/Relinquished)|Relinquished|Not shale play|2100|2100|2100|Central Graben|Offshore shelf|100-200 ft depth|25-50 meter depth|Shelf (to 400 ft)|Shelf (to 125 meter)|Royalty/Tax|\\N|7/16, DK|Conventional|Conventional|Conventional
